source_url,cited_in,live_status,final_url,content_type,content_length,sha256,hash_scope,wayback_snapshot,wayback_timestamp,save_attempted,save_result,checked_at_utc
http://www.ronfez.net/displaymedia.cfm/id/,events/unresolved-early-rfnet-artifacts.md | preservation/source-packs/rfnet-restoration-and-archive.md | wiki/Archives-Sources-and-Evidence.md,ERR:URLError,http://www.ronfez.net/displaymedia.cfm/id/,,,,,,,no,,2026-09-27T13:09:14+00:00
http://www.ronfez.net/displaymedia.cfm/id/2989,reference/10-rfnet-media-url-reconstruction.md,ERR:URLError,http://www.ronfez.net/displaymedia.cfm/id/2989,,,,,,,no,,2026-09-27T13:09:20+00:00
http://www.ronfez.net/displaymedia.cfm/id/3004,reference/10-rfnet-media-url-reconstruction.md,ERR:URLError,http://www.ronfez.net/displaymedia.cfm/id/3004,,,,,,,no,,2026-09-27T13:08:32+00:00
http://www.ronfez.net/displaymedia.cfm/id/3018,reference/10-rfnet-media-url-reconstruction.md,ERR:URLError,http://www.ronfez.net/displaymedia.cfm/id/3018,,,,,,,no,,2026-09-27T13:07:24+00:00
https://directory.libsyn.com/shows/view/id/a21240b6-43bd-4ac5-a961-10011b8d9f9c,events/2007-02-23-big-ass-bash.md | forensics/02-cast-genealogy.md | reference/01-source-index.md | reference/05-originating-chat-link-backlog.md,200,https://directory.libsyn.com/shows/view/id/a21240b6-43bd-4ac5-a961-10011b8d9f9c,text/html,68935,a33ea8caef2ef4e9a3185e8bf99dbaa55f9e2fa84be1fea76d09831b4ca779fa,full-response,,,yes,HTTP 200 https://web.archive.org/web/20260920123032/https://directory.libsyn.com/shows/view/id/a21240b6-43bd-4ac5-a961-10011b8d9f9c,2026-09-27T13:07:27+00:00
https://doctorsteve.com/2007/12/08/the-greatest-weekend-of-all-time-part-two/,reference/05-originating-chat-link-backlog.md,200,https://www.doctorsteve.com/2007/12/08/the-greatest-weekend-of-all-time-part-two/,text/html,68821,495c59e5b8524989769da2b7e994b2ee75298ba6ab72701c24638199cd47bbdc,full-response,http://web.archive.org/web/20260911154821/https://www.doctorsteve.com/2007/12/08/the-greatest-weekend-of-all-time-part-two/,20260911154821,no,,2026-09-27T13:09:45+00:00
https://forums.thesmartmarks.com/topic/85421-ron-and-fez/,characters/nature-boy.md | community/08-board-gossip-episode-ledger.md | preservation/source-packs/nature-boy.md | reference/05-originating-chat-link-backlog.md | reference/08-community-sources-second-pass.md | wiki/Nature-Boy.md,200,https://forums.thesmartmarks.com/topic/85421-ron-and-fez/,text/html,289349,947c5330dffac1b64620ca76f9d30a6d8be3fc26b700e401aacb3243b17a3dde,full-response,http://web.archive.org/web/20260911155250/https://forums.thesmartmarks.com/topic/85421-ron-and-fez/,20260911155250,no,,2026-09-27T13:07:22+00:00
https://friendsoftom.com/forum/index.php?topic=231.15,events/unresolved-early-rfnet-artifacts.md | reference/10-rfnet-media-url-reconstruction.md,ERR:URLError,https://friendsoftom.com/forum/index.php?topic=231.15,,,,,,,no,,2026-09-27T13:07:17+00:00
https://podscan.fm/podcasts/davey-macs-tales-from-the-satellite/episodes/episode-lxxi-fun-amp-ron-amp-fez,events/2007-night-of-a-hundred-podcasts.md | reference/08-living-oral-history-watch.md,200,https://podscan.fm/podcasts/davey-macs-tales-from-the-satellite/episodes/episode-lxxi-fun-amp-ron-amp-fez,text/html,100965,809b72f71b933fefb5e0fb1750fbe8e35d3c962ff1d46910ffb9deb17bb11825,full-response,http://web.archive.org/web/20260913124835/https://podscan.fm/podcasts/davey-macs-tales-from-the-satellite/episodes/episode-lxxi-fun-amp-ron-amp-fez,20260913124835,no,,2026-09-27T13:10:32+00:00
https://podscan.fm/podcasts/davey-macs-tales-from-the-satellite/episodes/episode-lxxiv-dave-vs-earl-saga-continues,forensics/01-work-shoot-ledger.md | reference/01-source-index.md | reference/05-originating-chat-link-backlog.md,200,https://podscan.fm/podcasts/davey-macs-tales-from-the-satellite/episodes/episode-lxxiv-dave-vs-earl-saga-continues,text/html,101297,0756f58458f73084e4827cc608517d15eb306bb9fcfc6941d0a3d15ad2777d97,full-response,,,yes,ERR:URLError,2026-09-27T13:05:56+00:00
https://profilesarchive.com/50392381,community/02-ronfez-net-history-and-structure.md | community/04-rival-boards-and-board-gossip.md | community/05-friends-of-show-civilian-cast.md | people/community/bronx-johnny.md | people/community/death-metal-moe.md | people/community/fleaman.md | reference/06-community-source-index.md,526,https://profilesarchive.com/50392381,,,,,,,no,,2026-09-27T13:09:57+00:00
https://ronfez.net/,chronology/10-afterlife-2015-2026.md | community/01-secondary-universe.md | community/02-ronfez-net-history-and-structure.md | reference/01-source-index.md | reference/05-originating-chat-link-backlog.md | reference/06-community-source-index.md | themes/02-events-and-live-culture.md,ERR:URLError,https://ronfez.net/,,,,,http://web.archive.org/web/20260520214551/https://ronfez.net/,20260520214551,no,,2026-09-27T13:09:49+00:00
https://ronfez.net/forums/downloads.php?do=cat&id=42&sort=date,community/02-ronfez-net-history-and-structure.md | events/unresolved-early-rfnet-artifacts.md | people/community/bobo.md | people/community/crazy-jen.md | reference/01-source-index.md | reference/05-originating-chat-link-backlog.md | reference/06-community-source-index.md | reference/08-community-sources-second-pass.md | themes/01-comedy-formats.md,ERR:URLError,https://ronfez.net/forums/downloads.php?do=cat&id=42&sort=date,,,,,,,no,,2026-09-27T13:09:48+00:00
https://ronfez.net/forums/downloads.php?do=cat&id=49,community/02-ronfez-net-history-and-structure.md | community/06-off-air-to-on-air-case-traces.md | events/unresolved-early-rfnet-artifacts.md | people/community/moshin.md | reference/05-originating-chat-link-backlog.md | reference/06-community-source-index.md | reference/08-community-sources-second-pass.md | reference/08-physical-community-source-index.md,ERR:URLError,https://ronfez.net/forums/downloads.php?do=cat&id=49,,,,,,,no,,2026-09-27T13:08:50+00:00
https://scotthudson.blogspot.com/2010/06/save-east-side-dave.html,chronology/06-dave-fez-2009-2010.md | community/04-rival-boards-and-board-gossip.md | community/06-off-air-to-on-air-case-traces.md | events/2007-06-21-dave-casey-wedding.md | reference/01-source-index.md | reference/05-originating-chat-link-backlog.md | reference/06-community-source-index.md,429,https://www.google.com/sorry/index?continue=https://scotthudson.blogspot.com/2010/06/save-east-side-dave.html&q=EgQUUZ9zGIKq5NUGIi2fQ_IH929T3g67Z6SHYESu0lR7MRRo708gHGyvFXYsaSPqgwTl1OUr5_WrjvIyAnJSWgFD,,,,,,,no,,2026-09-27T13:07:14+00:00
https://sites.libsyn.com/471843/episode-xlvii-earl-the-ticket-controversy,people/community/bobo.md | people/community/hard-rock-johnny.md,200,https://sites.libsyn.com/471843/episode-xlvii-earl-the-ticket-controversy,text/html,34759,64d4cc3b59017d218944294602a539b328155977af2d4ff41843c2824ba0da4d,full-response,http://web.archive.org/web/20260920123039/https://sites.libsyn.com/471843/episode-xlvii-earl-the-ticket-controversy,20260920123039,no,,2026-09-27T13:09:55+00:00
https://sites.libsyn.com/471843/website/2024/05,reference/06-community-source-index.md,200,https://sites.libsyn.com/471843/website/2024/05,text/html,45781,b4d710fa667384a8e43e52e6a148f0d3f240a7b097486e1df34b4dc609fc8003,full-response,,,yes,ERR:URLError,2026-09-27T13:06:37+00:00
https://theinterrobang.com/bennington-coming-soon-to-raw-dog-on-siriusxm/,chronology/09-final-year-2014-2015.md | reference/01-source-index.md | reference/05-originating-chat-link-backlog.md,200,https://theinterrobang.com/bennington-coming-soon-to-raw-dog-on-siriusxm/,text/html,138978,1e1f4c333b7dd4d7f89b00bf4002671221d4da52385c04493a6ef208f0a8404c,full-response,http://web.archive.org/web/20260911155114/https://theinterrobang.com/bennington-coming-soon-to-raw-dog-on-siriusxm/,20260911155114,no,,2026-09-27T13:09:09+00:00
https://theinterrobang.com/black-earl-douglas-looks-back-at-the-ron-and-fez-show/,chronology/04-xm-2005-2007.md | forensics/01-work-shoot-ledger.md | forensics/02-cast-genealogy.md | reference/01-source-index.md | reference/05-originating-chat-link-backlog.md,200,https://theinterrobang.com/black-earl-douglas-looks-back-at-the-ron-and-fez-show/,text/html,153422,971fcd69afa4f2729ce25115535d1db7b3bc8099de26079f8a4db10617d68800,full-response,http://web.archive.org/web/20260913124842/https://theinterrobang.com/black-earl-douglas-looks-back-at-the-ron-and-fez-show/,20260913124842,no,,2026-09-27T13:10:22+00:00
https://theinterrobang.com/exclusive-ronnie-spector-christmas-concert-for-ron-fez-and-friends/,chronology/07-post-dave-coming-out-2010-2012.md | events/2011-12-ronnie-spector-christmas-concert.md | reference/01-source-index.md | reference/05-originating-chat-link-backlog.md | reference/09-governance-staff-and-simulcast-source-index.md | themes/02-events-and-live-culture.md | themes/03-music-and-sonic-identity.md,200,https://theinterrobang.com/exclusive-ronnie-spector-christmas-concert-for-ron-fez-and-friends/,text/html,137630,7203e59f1fdbf6e736755ec92d77d03d4d4338799c109e77d323a93877dd9abd,full-response,http://web.archive.org/web/20260911155354/https://theinterrobang.com/exclusive-ronnie-spector-christmas-concert-for-ron-fez-and-friends/,20260911155354,no,,2026-09-27T13:06:56+00:00
https://theinterrobang.com/fez-whatley-announces-retirement/,chronology/09-final-year-2014-2015.md | forensics/01-work-shoot-ledger.md | reference/01-source-index.md | reference/05-originating-chat-link-backlog.md,200,https://theinterrobang.com/fez-whatley-announces-retirement/,text/html,147910,55890686163924cbf00c2f5425003ad6269057ec90cac2643fd8127bafa1731e,full-response,,,yes,ERR:TimeoutError,2026-09-27T13:06:39+00:00
https://theinterrobang.com/fez-whatley-has-passed-away-at-the-age-of-57/,chronology/10-afterlife-2015-2026.md | reference/01-source-index.md | reference/05-originating-chat-link-backlog.md,200,https://theinterrobang.com/fez-whatley-has-passed-away-at-the-age-of-57/,text/html,143933,fe06999076cd142b9581ed8b854a70e84e3ebdd0af22f7560c2e1b24d8799f5b,full-response,http://web.archive.org/web/20260911155522/https://theinterrobang.com/fez-whatley-has-passed-away-at-the-age-of-57/,20260911155522,no,,2026-09-27T13:06:11+00:00
https://theinterrobang.com/fez-whatley/,chronology/01-roots-ron-and-ron.md | chronology/07-post-dave-coming-out-2010-2012.md | forensics/01-work-shoot-ledger.md | reference/01-source-index.md | reference/05-originating-chat-link-backlog.md | themes/03-music-and-sonic-identity.md,200,https://theinterrobang.com/fez-whatley/,text/html,141399,9e73f26f8ad089bacec61ca39d4b129d81b2df07d848a6da8b8120d11f8e5748,full-response,http://web.archive.org/web/20260913124934/https://theinterrobang.com/fez-whatley/,20260913124934,no,,2026-09-27T13:06:06+00:00
https://theinterrobang.com/friends-and-fans-say-goodbye-to-ron-and-fez-on-twitter-goodbyeronandfez/,chronology/09-final-year-2014-2015.md | reference/01-source-index.md | reference/05-originating-chat-link-backlog.md,200,https://theinterrobang.com/friends-and-fans-say-goodbye-to-ron-and-fez-on-twitter-goodbyeronandfez/,text/html,205958,a1be7e81da1d40756365dee8aa70638a4a92c2a3d1815f4e92f8262cf07495c6,full-response,http://web.archive.org/web/20260911155605/https://theinterrobang.com/friends-and-fans-say-goodbye-to-ron-and-fez-on-twitter-goodbyeronandfez/,20260911155605,no,,2026-09-27T13:06:47+00:00
https://theinterrobang.com/listeners-and-fans-say-goodbye-to-fez-whatley/,characters/nature-boy.md | chronology/10-afterlife-2015-2026.md | people/community/hosp-gary-oransky.md | preservation/source-packs/nature-boy.md | reference/01-source-index.md | reference/05-originating-chat-link-backlog.md | wiki/Nature-Boy.md,200,https://theinterrobang.com/listeners-and-fans-say-goodbye-to-fez-whatley/,text/html,365799,80e40bed9e8d03dd44b1bc673032beea3534b2dd1f82f820380c0568cdc015f4,full-response,http://web.archive.org/web/20260911155635/https://theinterrobang.com/listeners-and-fans-say-goodbye-to-fez-whatley/,20260911155635,no,,2026-09-27T13:09:47+00:00
https://theinterrobang.com/remembering-fez-whatley/,preservation/source-packs/nature-boy.md | wiki/Nature-Boy.md,200,https://theinterrobang.com/remembering-fez-whatley/,text/html,146870,edbd454c34bf9cc76c14765be8e25d90bff3a27c0f94e532115a079570887931,full-response,http://web.archive.org/web/20260406030716/https://theinterrobang.com/remembering-fez-whatley/,20260406030716,no,,2026-09-27T13:07:37+00:00
https://theinterrobang.com/ron-and-fez-will-host-a-look-back-at-their-career-all-week/,characters/nature-boy.md | preservation/source-packs/nature-boy.md | reference/05-originating-chat-link-backlog.md | wiki/Nature-Boy.md,200,https://theinterrobang.com/ron-and-fez-will-host-a-look-back-at-their-career-all-week/,text/html,140828,f6a5f88df53f2681f48cdcc4663373a226b2636f2164da6a6ff0ea4c10c5b864,full-response,http://web.archive.org/web/20260920123302/https://theinterrobang.com/ron-and-fez-will-host-a-look-back-at-their-career-all-week/,20260920123302,no,,2026-09-27T13:06:10+00:00
https://theinterrobang.com/ron-bennington-east-side-dave-interview/,chronology/04-xm-2005-2007.md | forensics/02-cast-genealogy.md | reference/01-source-index.md | reference/05-originating-chat-link-backlog.md,200,https://theinterrobang.com/ron-bennington-east-side-dave-interview/,text/html,156715,8956dbc324090479fbe7d24920106b5b4cf7167f98baa6bbde8d5fa3e9d9664b,full-response,http://web.archive.org/web/20260911155907/https://theinterrobang.com/ron-bennington-east-side-dave-interview/,20260911155907,no,,2026-09-27T13:06:42+00:00
https://theinterrobang.com/ronnie-b-quotes-the-quiz/,reference/06-community-source-index.md,200,https://theinterrobang.com/ronnie-b-quotes-the-quiz/,text/html,140341,e1db337aa0250e697645bdd02a22b329e4484659f5027c6e8479bbfb94b6a6df,full-response,http://web.archive.org/web/20260920123310/https://theinterrobang.com/ronnie-b-quotes-the-quiz/,20260920123310,no,,2026-09-27T13:05:37+00:00
https://theinterrobang.com/thank-you-and-more-to-the-ron-and-fez-show/,chronology/09-final-year-2014-2015.md | reference/01-source-index.md | reference/05-originating-chat-link-backlog.md,200,https://theinterrobang.com/thank-you-and-more-to-the-ron-and-fez-show/,text/html,145529,280920ff4be0528da3965162bc6c721047871688f7d1cf9e90d67d55d53bb1dd,full-response,http://web.archive.org/web/20260911160219/https://theinterrobang.com/thank-you-and-more-to-the-ron-and-fez-show/,20260911160219,no,,2026-09-27T13:05:44+00:00
https://www.cdih.net/cdih/showthread.php?pid=153124&tid=3870,community/11-early-board-culture-2001-2003.md | community/12-rfnet-governance-foundrymusicjeff.md | people/community/foundrymusicjeff-jeff-shain.md | reference/08-physical-community-source-index.md,200,https://www.cdih.net/cdih/showthread.php?pid=153124&tid=3870,text/html,89040,eaddff0624eb5d95419d20ae9c6a33b1c2a8b893574627a31844d79e20132ecc,full-response,http://web.archive.org/web/20260911160205/https://www.cdih.net/cdih/showthread.php?pid=153124&tid=3870,20260911160205,no,,2026-09-27T13:07:18+00:00
https://www.cdih.net/cdih/showthread.php?pid=363247&tid=3733,community/12-rfnet-governance-foundrymusicjeff.md | people/community/foundrymusicjeff-jeff-shain.md | reference/09-governance-staff-and-simulcast-source-index.md,200,https://www.cdih.net/cdih/showthread.php?pid=363247&tid=3733,text/html,91163,4e2ccfcbc143eb520ee49ab97e32a34eed5088ec9ef095ada1d26d0352f52e9e,full-response,http://web.archive.org/web/20260927131422/https://www.cdih.net/cdih/showthread.php?pid=363247&tid=3733,20260927131422,yes,HTTP 200 https://web.archive.org/web/20260927131422/https://www.cdih.net/cdih/showthread.php?pid=363247&tid=3733,2026-09-27T13:07:10+00:00
https://www.dailymotion.com/video/x3474w5,characters/nature-boy.md | preservation/source-packs/nature-boy.md | wiki/Nature-Boy.md,200,https://www.dailymotion.com/video/x3474w5,text/html,142409,ae12e5b10dd94ebe3c66e8b1e2c4920a158460a58a0efe8dbdeac02343c13539,full-response,,,yes,ERR:URLError,2026-09-27T13:06:31+00:00
https://www.doctorsteve.com/2008/02/06/weird-medicine-part-deux-in-the-can-so-to-speak/,events/2007-mooch-farewell-party.md,200,https://www.doctorsteve.com/2008/02/06/weird-medicine-part-deux-in-the-can-so-to-speak/,text/html,69916,eb0de8e3a95e3829563309e47e626d04a684ce985668f1c086bbcc15e9fcb356,full-response,,,yes,ERR:URLError,2026-09-27T13:08:00+00:00
https://www.doctorsteve.com/2008/06/30/weird-medicine-third-edition-postmortem/,people/community/big-a-andrew-gold.md,200,https://www.doctorsteve.com/2008/06/30/weird-medicine-third-edition-postmortem/,text/html,71236,8201ad5b02c5421e9d279f613e846ab8c2e4fad62618e2d3d6edc04fd0d2054a,full-response,http://web.archive.org/web/20260927131712/https://www.doctorsteve.com/2008/06/30/weird-medicine-third-edition-postmortem/,20260927131712,yes,HTTP 200 https://web.archive.org/web/20260927131712/https://www.doctorsteve.com/2008/06/30/weird-medicine-third-edition-postmortem/,2026-09-27T13:06:32+00:00
https://www.doctorsteve.com/2008/10/26/,community/12-rfnet-governance-foundrymusicjeff.md | people/community/foundrymusicjeff-jeff-shain.md | reference/09-governance-staff-and-simulcast-source-index.md,200,https://www.doctorsteve.com/2008/10/26/,text/html,69634,6ddffae53e72d8159841a885fd859c4aa8cea8ff881d336d954bf425cf255239,full-response,http://web.archive.org/web/20260920123537/https://www.doctorsteve.com/2008/10/26/,20260920123537,no,,2026-09-27T13:08:08+00:00
https://www.doctorsteve.com/gvac-memorial/,community/02-ronfez-net-history-and-structure.md | community/05-friends-of-show-civilian-cast.md | community/06-off-air-to-on-air-case-traces.md | community/12-rfnet-governance-foundrymusicjeff.md | events/2002-06-01-celebrity-softball.md | events/2007-rf-softball.md | people/community/foundrymusicjeff-jeff-shain.md | people/community/gvac-greg-petraitis.md | people/community/matty-fridays.md | people/community/spoon.md | preservation/priority-queue.md | preservation/source-packs/gvac-memorial.md | reference/06-community-source-index.md | reference/09-governance-staff-and-simulcast-source-index.md,200,https://www.doctorsteve.com/gvac-memorial/,text/html,307471,7327b0c041a6166f15f5c8d0d35264966ff74f9f443ca786ea2d6e88f7701b5a,full-response,,,yes,ERR:TimeoutError,2026-09-27T13:07:24+00:00
https://www.doctorsteve.com/tags/ron-and-fez/,community/12-rfnet-governance-foundrymusicjeff.md | people/community/foundrymusicjeff-jeff-shain.md | reference/09-governance-staff-and-simulcast-source-index.md,200,https://www.doctorsteve.com/tags/ron-and-fez/,text/html,81634,4811e8b2400b81ccd1f664b0833ed0ae60d22868c083aeca57342206260dec36,full-response,http://web.archive.org/web/20260920123546/https://www.doctorsteve.com/tags/ron-and-fez/,20260920123546,no,,2026-09-27T13:10:30+00:00
https://www.paltalk.com/g2/group/1048034031/DisplayGroupDetails.wmt,chronology/04-xm-2005-2007.md | community/01-secondary-universe.md | community/03-paltalk-big-ass-room.md | community/05-friends-of-show-civilian-cast.md | people/community/french-bread-pizza.md | reference/01-source-index.md | reference/05-originating-chat-link-backlog.md | reference/06-community-source-index.md,200,https://www.paltalk.com/g2/group/1048034031/DisplayGroupDetails.wmt,text/html,54527,4b438c435dccc964e9cff8e63b4907bd04815368194f7b52d3983c8a9ee80839,full-response,http://web.archive.org/web/20260920123554/https://www.paltalk.com/g2/group/1048034031/DisplayGroupDetails.wmt,20260920123554,no,,2026-09-27T13:08:46+00:00
https://www.reddit.com/r/radio/comments/f5i49t,people/staff/tuddle-patrick-fowler.md,403,https://www.reddit.com/r/radio/comments/f5i49t/,,,,,,,no,,2026-09-27T13:05:49+00:00
https://www.reddit.com/r/ronandfez/comments/106pdfx,preservation/source-packs/rfnet-restoration-and-archive.md,403,https://www.reddit.com/r/ronandfez/comments/106pdfx/,,,,,,,no,,2026-09-27T13:10:11+00:00
https://www.reddit.com/r/ronandfez/comments/106pdfx/,people/staff/tasteless-ginny-ginny-sanchez.md | reference/08-living-oral-history-watch.md,403,https://www.reddit.com/r/ronandfez/comments/106pdfx/,,,,,,,no,,2026-09-27T13:10:31+00:00
https://www.reddit.com/r/ronandfez/comments/10as6nn,reference/05-originating-chat-link-backlog.md,403,https://www.reddit.com/r/ronandfez/comments/10as6nn/,,,,,,,no,,2026-09-27T13:08:37+00:00
https://www.reddit.com/r/ronandfez/comments/10drznn/the_fez_marie_whatley_memorial_ronfeznet_media/,community/01-secondary-universe.md | community/02-ronfez-net-history-and-structure.md | preservation/source-packs/rfnet-restoration-and-archive.md | reference/01-source-index.md | reference/05-originating-chat-link-backlog.md,403,https://www.reddit.com/r/ronandfez/comments/10drznn/the_fez_marie_whatley_memorial_ronfeznet_media/,,,,,,,no,,2026-09-27T13:08:17+00:00
https://www.reddit.com/r/ronandfez/comments/10dvfb9,events/christmas-party-2002-unresolved.md | events/unresolved-early-rfnet-artifacts.md | people/community/death-metal-moe.md | people/community/hosp-gary-oransky.md | people/community/moshin.md | preservation/source-packs/rfnet-restoration-and-archive.md | reference/10-rfnet-media-url-reconstruction.md | reference/11-rfnet-gallery-packet-reconstruction.md,403,https://www.reddit.com/r/ronandfez/comments/10dvfb9/,,,,,,,no,,2026-09-27T13:08:30+00:00
https://www.reddit.com/r/ronandfez/comments/10vsz38,characters/nature-boy.md | preservation/source-packs/nature-boy.md | wiki/Nature-Boy.md,403,https://www.reddit.com/r/ronandfez/comments/10vsz38/,,,,,,,no,,2026-09-27T13:08:24+00:00
https://www.reddit.com/r/ronandfez/comments/11uod7q,characters/nature-boy.md | wiki/Nature-Boy.md,403,https://www.reddit.com/r/ronandfez/comments/11uod7q/,,,,,,,no,,2026-09-27T13:07:43+00:00
https://www.reddit.com/r/ronandfez/comments/124qkcg,reference/05-originating-chat-link-backlog.md,403,https://www.reddit.com/r/ronandfez/comments/124qkcg/,,,,,,,no,,2026-09-27T13:09:34+00:00
https://www.reddit.com/r/ronandfez/comments/15znbem/,community/08-board-gossip-episode-ledger.md,403,https://www.reddit.com/r/ronandfez/comments/15znbem/,,,,,,,no,,2026-09-27T13:08:21+00:00
https://www.reddit.com/r/ronandfez/comments/16qis0l/found_an_old_beat_up_photo/,people/staff/hannah-hahn.md | people/staff/tasteless-ginny-ginny-sanchez.md | reference/08-living-oral-history-watch.md,403,https://www.reddit.com/r/ronandfez/comments/16qis0l/found_an_old_beat_up_photo/,,,,,,,no,,2026-09-27T13:07:17+00:00
https://www.reddit.com/r/ronandfez/comments/16t3thb/,people/staff/tasteless-ginny-ginny-sanchez.md | reference/08-living-oral-history-watch.md,403,https://www.reddit.com/r/ronandfez/comments/16t3thb/,,,,,,,no,,2026-09-27T13:10:17+00:00
https://www.reddit.com/r/ronandfez/comments/16w6j4y,reference/05-originating-chat-link-backlog.md,403,https://www.reddit.com/r/ronandfez/comments/16w6j4y/,,,,,,,no,,2026-09-27T13:09:53+00:00
https://www.reddit.com/r/ronandfez/comments/18dva2u,reference/05-originating-chat-link-backlog.md,403,https://www.reddit.com/r/ronandfez/comments/18dva2u/,,,,,,,no,,2026-09-27T13:07:37+00:00
https://www.reddit.com/r/ronandfez/comments/1al797d,preservation/source-packs/rfnet-restoration-and-archive.md,403,https://www.reddit.com/r/ronandfez/comments/1al797d/,,,,,,,no,,2026-09-27T13:10:06+00:00
https://www.reddit.com/r/ronandfez/comments/1cdpnmt,events/2002-02-22-big-ass-night-of-fights-i.md | events/2007-06-rock-a-hula-luau.md | events/2010-12-12-fez-fantasy-football-holiday-party.md | events/big-ass-night-of-fright-unresolved.md | people/community/hard-rock-johnny.md,403,https://www.reddit.com/r/ronandfez/comments/1cdpnmt/,,,,,,,no,,2026-09-27T13:08:49+00:00
https://www.reddit.com/r/ronandfez/comments/1chxey9,community/08-board-gossip-episode-ledger.md,403,https://www.reddit.com/r/ronandfez/comments/1chxey9/,,,,,,,no,,2026-09-27T13:10:16+00:00
https://www.reddit.com/r/ronandfez/comments/1dzkqj1,reference/05-originating-chat-link-backlog.md,403,https://www.reddit.com/r/ronandfez/comments/1dzkqj1/,,,,,,,no,,2026-09-27T13:10:21+00:00
https://www.reddit.com/r/ronandfez/comments/1esn0g5,reference/05-originating-chat-link-backlog.md,403,https://www.reddit.com/r/ronandfez/comments/1esn0g5/,,,,,,,no,,2026-09-27T13:07:01+00:00
https://www.reddit.com/r/ronandfez/comments/1f33o96/odd_reflective_rant/,reference/05-originating-chat-link-backlog.md,403,https://www.reddit.com/r/ronandfez/comments/1f33o96/odd_reflective_rant/,,,,,http://web.archive.org/web/20250513062527/https://www.reddit.com/r/ronandfez/comments/1f33o96/odd_reflective_rant/,20250513062527,no,,2026-09-27T13:08:57+00:00
https://www.reddit.com/r/ronandfez/comments/1f59uie,preservation/source-packs/rfnet-restoration-and-archive.md,403,https://www.reddit.com/r/ronandfez/comments/1f59uie/,,,,,,,no,,2026-09-27T13:07:33+00:00
https://www.reddit.com/r/ronandfez/comments/1g0guxu,preservation/source-packs/rfnet-restoration-and-archive.md,403,https://www.reddit.com/r/ronandfez/comments/1g0guxu/,,,,,,,no,,2026-09-27T13:09:15+00:00
https://www.reddit.com/r/ronandfez/comments/1ianfrv,reference/05-originating-chat-link-backlog.md,403,https://www.reddit.com/r/ronandfez/comments/1ianfrv/,,,,,,,no,,2026-09-27T13:10:10+00:00
https://www.reddit.com/r/ronandfez/comments/1iljdhk/what_ron_and_fez_clip_do_you_think_youve_listened/,reference/05-originating-chat-link-backlog.md,403,https://www.reddit.com/r/ronandfez/comments/1iljdhk/what_ron_and_fez_clip_do_you_think_youve_listened/,,,,,http://web.archive.org/web/20250325222745/https://www.reddit.com/r/ronandfez/comments/1iljdhk/what_ron_and_fez_clip_do_you_think_youve_listened/,20250325222745,no,,2026-09-27T13:10:23+00:00
https://www.reddit.com/r/ronandfez/comments/1iv9w1n,preservation/source-packs/rfnet-restoration-and-archive.md,403,https://www.reddit.com/r/ronandfez/comments/1iv9w1n/,,,,,,,no,,2026-09-27T13:06:06+00:00
https://www.reddit.com/r/ronandfez/comments/1j9vcvy,reference/05-originating-chat-link-backlog.md,403,https://www.reddit.com/r/ronandfez/comments/1j9vcvy/,,,,,,,no,,2026-09-27T13:08:20+00:00
https://www.reddit.com/r/ronandfez/comments/1jtliu8,forensics/01-work-shoot-ledger.md | reference/01-source-index.md | reference/05-originating-chat-link-backlog.md,403,https://www.reddit.com/r/ronandfez/comments/1jtliu8/,,,,,,,no,,2026-09-27T13:09:33+00:00
https://www.reddit.com/r/ronandfez/comments/1kjn9o9,reference/05-originating-chat-link-backlog.md,403,https://www.reddit.com/r/ronandfez/comments/1kjn9o9/,,,,,,,no,,2026-09-27T13:10:09+00:00
https://www.reddit.com/r/ronandfez/comments/1kxuspn,reference/05-originating-chat-link-backlog.md,403,https://www.reddit.com/r/ronandfez/comments/1kxuspn/,,,,,,,no,,2026-09-27T13:10:09+00:00
https://www.reddit.com/r/ronandfez/comments/1nvgf70,people/community/don-the-hypnotist-don-friedman.md | reference/08-living-oral-history-watch.md,403,https://www.reddit.com/r/ronandfez/comments/1nvgf70/,,,,,,,no,,2026-09-27T13:05:57+00:00
https://www.reddit.com/r/ronandfez/comments/1pzob9s/ron_fez_the_show_gets_hypnotized_video/,people/community/don-the-hypnotist-don-friedman.md,403,https://www.reddit.com/r/ronandfez/comments/1pzob9s/ron_fez_the_show_gets_hypnotized_video/,,,,,,,no,,2026-09-27T13:08:33+00:00
https://www.reddit.com/r/ronandfez/comments/1qdrr7e/bl_is_on_the_bennington_show/,people/community/bl-brenda-lee.md | reference/05-originating-chat-link-backlog.md,403,https://www.reddit.com/r/ronandfez/comments/1qdrr7e/bl_is_on_the_bennington_show/,,,,,,,no,,2026-09-27T13:06:05+00:00
https://www.reddit.com/r/ronandfez/comments/1qpvmoj/favorite_shelby_memory/,reference/05-originating-chat-link-backlog.md,403,https://www.reddit.com/r/ronandfez/comments/1qpvmoj/favorite_shelby_memory/,,,,,,,no,,2026-09-27T13:05:34+00:00
https://www.reddit.com/r/ronandfez/comments/1qwoy1j/what_was_a_work_and_what_was_a_shoot/,reference/05-originating-chat-link-backlog.md,403,https://www.reddit.com/r/ronandfez/comments/1qwoy1j/what_was_a_work_and_what_was_a_shoot/,,,,,,,no,,2026-09-27T13:10:20+00:00
https://www.reddit.com/r/ronandfez/comments/1r67tdo/archive_listen_2162007/,reference/05-originating-chat-link-backlog.md,403,https://www.reddit.com/r/ronandfez/comments/1r67tdo/archive_listen_2162007/,,,,,,,no,,2026-09-27T13:10:06+00:00
https://www.reddit.com/r/ronandfez/comments/1rfbjzg/the_big_ass_prize_closet/,reference/01-source-index.md | reference/05-originating-chat-link-backlog.md | themes/01-comedy-formats.md,403,https://www.reddit.com/r/ronandfez/comments/1rfbjzg/the_big_ass_prize_closet/,,,,,,,no,,2026-09-27T13:06:12+00:00
https://www.reddit.com/r/ronandfez/comments/1saof8j/what_were_some_rf_moments_that_hit_you_hard/,people/community/cigar-sid-sidcada.md | reference/08-physical-community-source-index.md,403,https://www.reddit.com/r/ronandfez/comments/1saof8j/what_were_some_rf_moments_that_hit_you_hard/,,,,,,,no,,2026-09-27T13:05:55+00:00
https://www.reddit.com/r/ronandfez/comments/1sts0n5,preservation/source-packs/rfnet-restoration-and-archive.md,403,https://www.reddit.com/r/ronandfez/comments/1sts0n5/,,,,,,,no,,2026-09-27T13:09:34+00:00
https://www.reddit.com/r/ronandfez/comments/1tu57a2/icym_friday_on_the_best_of_ronnie_gave_us_a_peek/,chronology/08-late-era-2012-2014.md | forensics/01-work-shoot-ledger.md | reference/01-source-index.md | reference/05-originating-chat-link-backlog.md,403,https://www.reddit.com/r/ronandfez/comments/1tu57a2/icym_friday_on_the_best_of_ronnie_gave_us_a_peek/,,,,,,,no,,2026-09-27T13:08:02+00:00
https://www.reddit.com/r/ronandfez/comments/1u2h51m/the_plan_dave_vs_fez/,reference/05-originating-chat-link-backlog.md,403,https://www.reddit.com/r/ronandfez/comments/1u2h51m/the_plan_dave_vs_fez/,,,,,,,no,,2026-09-27T13:08:44+00:00
https://www.reddit.com/r/ronandfez/comments/1uzgrz8/anyone_here_ever_call_the_show_rf_or_bennington/,reference/01-source-index.md | reference/05-originating-chat-link-backlog.md | themes/01-comedy-formats.md,403,https://www.reddit.com/r/ronandfez/comments/1uzgrz8/anyone_here_ever_call_the_show_rf_or_bennington/,,,,,,,no,,2026-09-27T13:05:39+00:00
https://www.reddit.com/r/ronandfez/comments/1v598uo/i_have_a_crazy_long_shot_question_for_you_guys/,people/community/monty-love-band.md | reference/08-physical-community-source-index.md,403,https://www.reddit.com/r/ronandfez/comments/1v598uo/i_have_a_crazy_long_shot_question_for_you_guys/,,,,,,,no,,2026-09-27T13:10:10+00:00
https://www.reddit.com/r/ronandfez/comments/1v8hbeb/whenwhy_did_the_friends_of_the_show_era_of_rf_end/,community/03-paltalk-big-ass-room.md | community/04-rival-boards-and-board-gossip.md | community/05-friends-of-show-civilian-cast.md | community/08-board-gossip-episode-ledger.md | events/2007-rf-softball.md | reference/01-source-index.md | reference/06-community-source-index.md,403,https://www.reddit.com/r/ronandfez/comments/1v8hbeb/whenwhy_did_the_friends_of_the_show_era_of_rf_end/,,,,,,,no,,2026-09-27T13:07:22+00:00
https://www.reddit.com/r/ronandfez/comments/1w8iyrg/was_in_my_fb_feed_from_16yrs_ago_ronnie_b_fez_me/,people/community/don-the-hypnotist-don-friedman.md | reference/08-living-oral-history-watch.md,403,https://www.reddit.com/r/ronandfez/comments/1w8iyrg/was_in_my_fb_feed_from_16yrs_ago_ronnie_b_fez_me/,,,,,,,no,,2026-09-27T13:09:27+00:00
https://www.reddit.com/r/ronandfez/comments/1w9dmje/early_pics_ron_fez_show_wjfk/,chronology/03-fairfax-wjfk-2003-2005.md | events/2004-second-pool-tournament.md | people/community/don-the-hypnotist-don-friedman.md | reference/01-source-index.md | reference/05-originating-chat-link-backlog.md | reference/08-living-oral-history-watch.md,403,https://www.reddit.com/r/ronandfez/comments/1w9dmje/early_pics_ron_fez_show_wjfk/,,,,,,,no,,2026-09-27T13:10:15+00:00
https://www.reddit.com/r/ronandfez/comments/blpgyv,events/big-ass-night-of-fright-unresolved.md,403,https://www.reddit.com/r/ronandfez/comments/blpgyv/,,,,,,,no,,2026-09-27T13:07:03+00:00
https://www.reddit.com/r/ronandfez/comments/f4365c,reference/05-originating-chat-link-backlog.md,403,https://www.reddit.com/r/ronandfez/comments/f4365c/,,,,,,,no,,2026-09-27T13:09:33+00:00
https://www.reddit.com/r/ronandfez/comments/fsm8oy,reference/05-originating-chat-link-backlog.md,403,https://www.reddit.com/r/ronandfez/comments/fsm8oy/,,,,,,,no,,2026-09-27T13:07:09+00:00
https://www.reddit.com/r/ronandfez/comments/gmgbex,reference/05-originating-chat-link-backlog.md,403,https://www.reddit.com/r/ronandfez/comments/gmgbex/,,,,,,,no,,2026-09-27T13:09:38+00:00
https://www.reddit.com/r/ronandfez/comments/kuh6h3,community/08-board-gossip-episode-ledger.md,403,https://www.reddit.com/r/ronandfez/comments/kuh6h3/,,,,,,,no,,2026-09-27T13:08:35+00:00
https://www.reddit.com/r/ronandfez/comments/lypb93,people/staff/al-dukes.md,403,https://www.reddit.com/r/ronandfez/comments/lypb93/,,,,,,,no,,2026-09-27T13:08:35+00:00
https://www.reddit.com/r/ronandfez/comments/m5qhew,people/community/death-metal-moe.md,403,https://www.reddit.com/r/ronandfez/comments/m5qhew/,,,,,,,no,,2026-09-27T13:05:56+00:00
https://www.reddit.com/r/ronandfez/comments/nl53rj,chronology/03-fairfax-wjfk-2003-2005.md | forensics/02-cast-genealogy.md | reference/01-source-index.md,403,https://www.reddit.com/r/ronandfez/comments/nl53rj/,,,,,,,no,,2026-09-27T13:09:47+00:00
https://www.reddit.com/r/ronandfez/comments/nl53rj/,community/05-friends-of-show-civilian-cast.md | people/community/perrynoid.md,403,https://www.reddit.com/r/ronandfez/comments/nl53rj/,,,,,,,no,,2026-09-27T13:07:23+00:00
https://www.reddit.com/r/ronandfez/comments/otf60i,events/2002-02-22-big-ass-night-of-fights-i.md | events/2002-05-17-big-ass-night-of-fights-ii.md,403,https://www.reddit.com/r/ronandfez/comments/otf60i/,,,,,,,no,,2026-09-27T13:08:31+00:00
https://www.reddit.com/r/ronandfez/comments/p5ko58,chronology/10-afterlife-2015-2026.md | community/01-secondary-universe.md | reference/01-source-index.md | reference/05-originating-chat-link-backlog.md,403,https://www.reddit.com/r/ronandfez/comments/p5ko58/,,,,,,,no,,2026-09-27T13:07:48+00:00
https://www.reddit.com/r/ronandfez/comments/p5wt0n,reference/05-originating-chat-link-backlog.md,403,https://www.reddit.com/r/ronandfez/comments/p5wt0n/,,,,,,,no,,2026-09-27T13:10:29+00:00
https://www.reddit.com/r/ronandfez/comments/p6a4z1,reference/05-originating-chat-link-backlog.md,403,https://www.reddit.com/r/ronandfez/comments/p6a4z1/,,,,,,,no,,2026-09-27T13:06:44+00:00
https://www.reddit.com/r/ronandfez/comments/p78i7u,reference/05-originating-chat-link-backlog.md,403,https://www.reddit.com/r/ronandfez/comments/p78i7u/,,,,,,,no,,2026-09-27T13:07:03+00:00
https://www.reddit.com/r/ronandfez/comments/p78i7u/,community/02-ronfez-net-history-and-structure.md | community/03-paltalk-big-ass-room.md | community/04-rival-boards-and-board-gossip.md | community/05-friends-of-show-civilian-cast.md | community/06-off-air-to-on-air-case-traces.md | people/community/mikeyboy.md | reference/06-community-source-index.md,403,https://www.reddit.com/r/ronandfez/comments/p78i7u/,,,,,,,no,,2026-09-27T13:06:38+00:00
https://www.reddit.com/r/ronandfez/comments/p7hh6s,people/community/don-the-hypnotist-don-friedman.md,403,https://www.reddit.com/r/ronandfez/comments/p7hh6s/,,,,,,,no,,2026-09-27T13:07:47+00:00
https://www.reddit.com/r/ronandfez/comments/pd6tld,chronology/03-fairfax-wjfk-2003-2005.md | reference/01-source-index.md | reference/05-originating-chat-link-backlog.md,403,https://www.reddit.com/r/ronandfez/comments/pd6tld/,,,,,,,no,,2026-09-27T13:06:02+00:00
https://www.reddit.com/r/ronandfez/comments/pd6tld/,community/07-friday-night-lights-social-institution.md,403,https://www.reddit.com/r/ronandfez/comments/pd6tld/,,,,,,,no,,2026-09-27T13:09:32+00:00
https://www.reddit.com/r/ronandfez/comments/pzuia2,chronology/03-fairfax-wjfk-2003-2005.md | reference/01-source-index.md,403,https://www.reddit.com/r/ronandfez/comments/pzuia2/,,,,,,,no,,2026-09-27T13:08:40+00:00
https://www.reddit.com/r/ronandfez/comments/snvpaf,events/2009-rogue-christmas-party-crows-nest.md | reference/09-governance-staff-and-simulcast-source-index.md,403,https://www.reddit.com/r/ronandfez/comments/snvpaf/,,,,,,,no,,2026-09-27T13:10:05+00:00
https://www.reddit.com/r/ronandfez/comments/sypwro/,community/08-board-gossip-episode-ledger.md,403,https://www.reddit.com/r/ronandfez/comments/sypwro/,,,,,,,no,,2026-09-27T13:07:04+00:00
https://www.reddit.com/r/ronandfez/comments/sypwro/im_listening_to_2008_ron_and_fez_and_i_cant/,reference/05-originating-chat-link-backlog.md,403,https://www.reddit.com/r/ronandfez/comments/sypwro/im_listening_to_2008_ron_and_fez_and_i_cant/,,,,,,,no,,2026-09-27T13:10:00+00:00
https://www.reddit.com/r/ronandfez/comments/tbrkyq/does_anyone_know_where_the_ron_and_fez_characters/,events/2007-rf-softball.md,403,https://www.reddit.com/r/ronandfez/comments/tbrkyq/does_anyone_know_where_the_ron_and_fez_characters/,,,,,,,no,,2026-09-27T13:08:55+00:00
https://www.reddit.com/r/ronandfez/comments/tt2lky,reference/05-originating-chat-link-backlog.md,403,https://www.reddit.com/r/ronandfez/comments/tt2lky/,,,,,,,no,,2026-09-27T13:09:29+00:00
https://www.reddit.com/r/ronandfez/comments/tuozzu,community/09-rfnet-decline-schisms-and-v3.md | people/community/chuckwagon-lenny-mcnab.md | people/community/matty-fridays.md | people/community/spoon.md | reference/08-community-sources-second-pass.md,403,https://www.reddit.com/r/ronandfez/comments/tuozzu/,,,,,,,no,,2026-09-27T13:09:36+00:00
https://www.reddit.com/r/ronandfez/comments/uuqs53,reference/05-originating-chat-link-backlog.md,403,https://www.reddit.com/r/ronandfez/comments/uuqs53/,,,,,,,no,,2026-09-27T13:05:58+00:00
https://www.reddit.com/r/ronandfez/comments/va22j7/,people/community/crazy-jen.md,403,https://www.reddit.com/r/ronandfez/comments/va22j7/,,,,,,,no,,2026-09-27T13:06:22+00:00
https://www.reddit.com/r/ronandfez/comments/wbl57p,preservation/source-packs/rfnet-restoration-and-archive.md,403,https://www.reddit.com/r/ronandfez/comments/wbl57p/,,,,,,,no,,2026-09-27T13:07:49+00:00
https://www.reddit.com/r/ronandfez/comments/y3dwpj,community/08-board-gossip-episode-ledger.md | community/09-rfnet-decline-schisms-and-v3.md | community/10-wjfk-fan-streaming-and-big-ass-antenna.md | people/community/matty-fridays.md | reference/05-originating-chat-link-backlog.md | reference/08-community-sources-second-pass.md,403,https://www.reddit.com/r/ronandfez/comments/y3dwpj/,,,,,,,no,,2026-09-27T13:07:30+00:00
https://www.reddit.com/r/ronandfez/comments/y3jmoi,people/community/monty-love-band.md,403,https://www.reddit.com/r/ronandfez/comments/y3jmoi/,,,,,,,no,,2026-09-27T13:06:36+00:00
https://www.reddit.com/r/wfan/comments/12itg4w,events/2002-02-22-big-ass-night-of-fights-i.md,403,https://www.reddit.com/r/wfan/comments/12itg4w/,,,,,,,no,,2026-09-27T13:09:13+00:00
https://www.ronfez.net/,chronology/04-xm-2005-2007.md | chronology/05-maximum-density-2007-2009.md | reference/05-originating-chat-link-backlog.md,ERR:URLError,https://www.ronfez.net/,,,,,http://web.archive.org/web/20260520214551/https://ronfez.net/,20260520214551,no,,2026-09-27T13:10:13+00:00
https://www.ronfez.net/forums/archive/index.php/t-48474.html?pda=1,community/05-friends-of-show-civilian-cast.md | people/community/sheepy.md | reference/06-community-source-index.md,ERR:URLError,https://www.ronfez.net/forums/archive/index.php/t-48474.html?pda=1,,,,,,,no,,2026-09-27T13:08:45+00:00
https://www.ronfez.net/forums/archive/index.php/t-5402.html,chronology/02-wnew-2000-2003.md | community/02-ronfez-net-history-and-structure.md | reference/01-source-index.md | reference/05-originating-chat-link-backlog.md | reference/06-community-source-index.md | reference/08-community-sources-second-pass.md,ERR:URLError,https://www.ronfez.net/forums/archive/index.php/t-5402.html,,,,,,,no,,2026-09-27T13:06:14+00:00
https://www.ronfez.net/forums/archive/index.php/t-600.html,community/02-ronfez-net-history-and-structure.md | reference/06-community-source-index.md | reference/08-community-sources-second-pass.md | reference/10-rfnet-media-url-reconstruction.md,ERR:URLError,https://www.ronfez.net/forums/archive/index.php/t-600.html,,,,,http://web.archive.org/web/20111110011544/http://www.ronfez.net/forums/archive/index.php/t-600.html,20111110011544,no,,2026-09-27T13:07:52+00:00
https://www.ronfez.net/forums/archive/index.php/t-64261.html,people/community/chuckwagon-lenny-mcnab.md | people/community/death-metal-moe.md | reference/08-community-sources-second-pass.md,ERR:URLError,https://www.ronfez.net/forums/archive/index.php/t-64261.html,,,,,,,no,,2026-09-27T13:07:08+00:00
https://www.ronfez.net/forums/archive/index.php/t-85012-p-6.html,community/02-ronfez-net-history-and-structure.md | community/09-rfnet-decline-schisms-and-v3.md | people/community/chuckwagon-lenny-mcnab.md | people/community/death-metal-moe.md | reference/06-community-source-index.md | reference/08-community-sources-second-pass.md,ERR:URLError,https://www.ronfez.net/forums/archive/index.php/t-85012-p-6.html,,,,,,,no,,2026-09-27T13:06:47+00:00
https://www.ronfez.net/forums/archive/index.php/t-92746.html,community/02-ronfez-net-history-and-structure.md | people/community/snoogans.md | reference/06-community-source-index.md,ERR:URLError,https://www.ronfez.net/forums/archive/index.php/t-92746.html,,,,,,,no,,2026-09-27T13:10:06+00:00
https://www.ronfez.net/forums/downloads.php?do=cat&id=60,chronology/02-wnew-2000-2003.md | community/02-ronfez-net-history-and-structure.md | community/06-off-air-to-on-air-case-traces.md | events/2001-new-york-forever-bar-crawls.md | events/2002-05-17-big-ass-night-of-fights-ii.md | events/2002-07-15-16-tuddle-concrete-coffin.md | events/a-night-at-double-ds-unresolved.md | events/unresolved-early-rfnet-artifacts.md | people/community/moshin.md | people/staff/hannah-hahn.md | people/staff/tuddle-patrick-fowler.md | reference/01-source-index.md | reference/05-originating-chat-link-backlog.md | reference/06-community-source-index.md | reference/08-physical-community-source-index.md | reference/09-governance-staff-and-simulcast-source-index.md | themes/01-comedy-formats.md,ERR:URLError,https://www.ronfez.net/forums/downloads.php?do=cat&id=60,,,,,,,no,,2026-09-27T13:07:00+00:00
https://www.ronfez.net/forums/downloads.php?do=cat&id=61,characters/nature-boy.md | chronology/06-dave-fez-2009-2010.md | events/2010-03-07-academy-awards-simulcast.md | preservation/source-packs/nature-boy.md | reference/01-source-index.md | reference/05-originating-chat-link-backlog.md | reference/09-governance-staff-and-simulcast-source-index.md | themes/01-comedy-formats.md | wiki/Nature-Boy.md,ERR:URLError,https://www.ronfez.net/forums/downloads.php?do=cat&id=61,,,,,http://web.archive.org/web/20260422075459/https://ronfez.net/forums/downloads.php?do=cat&id=61,20260422075459,no,,2026-09-27T13:09:00+00:00
https://www.ronfez.net/forums/downloads.php?do=file&id=,preservation/source-packs/rfnet-restoration-and-archive.md | reference/10-rfnet-media-url-reconstruction.md | wiki/Archives-Sources-and-Evidence.md,ERR:URLError,https://www.ronfez.net/forums/downloads.php?do=file&id=,,,,,,,no,,2026-09-27T13:06:09+00:00
https://www.ronfez.net/forums/downloads.php?do=file&id=1986,community/02-ronfez-net-history-and-structure.md | community/05-friends-of-show-civilian-cast.md | people/community/justjon.md | reference/06-community-source-index.md | reference/10-rfnet-media-url-reconstruction.md,ERR:URLError,https://www.ronfez.net/forums/downloads.php?do=file&id=1986,,,,,http://web.archive.org/web/20260420133731/https://www.ronfez.net/forums/downloads.php?do=file&id=1986,20260420133731,no,,2026-09-27T13:07:49+00:00
https://www.ronfez.net/forums/downloads.php?do=file&id=2038,community/02-ronfez-net-history-and-structure.md | community/05-friends-of-show-civilian-cast.md | community/06-off-air-to-on-air-case-traces.md | people/community/justjon.md | reference/05-originating-chat-link-backlog.md | reference/06-community-source-index.md | reference/10-rfnet-media-url-reconstruction.md,ERR:URLError,https://www.ronfez.net/forums/downloads.php?do=file&id=2038,,,,,http://web.archive.org/web/20260309033531/https://www.ronfez.net/forums/downloads.php?do=file&id=2038,20260309033531,no,,2026-09-27T13:10:12+00:00
https://www.ronfez.net/forums/downloads.php?do=file&id=2243,reference/10-rfnet-media-url-reconstruction.md,ERR:URLError,https://www.ronfez.net/forums/downloads.php?do=file&id=2243,,,,,,,no,,2026-09-27T13:06:45+00:00
https://www.ronfez.net/forums/downloads.php?do=file&id=3349,events/2010-02-19-tiger-woods-big-ass-simulcast.md | reference/09-governance-staff-and-simulcast-source-index.md,ERR:URLError,https://www.ronfez.net/forums/downloads.php?do=file&id=3349,,,,,http://web.archive.org/web/20260307093802/https://www.ronfez.net/forums/downloads.php?do=file&id=3349,20260307093802,no,,2026-09-27T13:07:28+00:00
https://www.ronfez.net/forums/downloads.php?do=file&id=3352,events/2010-03-07-academy-awards-simulcast.md | reference/09-governance-staff-and-simulcast-source-index.md,ERR:URLError,https://www.ronfez.net/forums/downloads.php?do=file&id=3352,,,,,http://web.archive.org/web/20260422231847/https://www.ronfez.net/forums/downloads.php?do=file&id=3352,20260422231847,no,,2026-09-27T13:08:08+00:00
https://www.ronfez.net/forums/printthread.php?t=90775,community/02-ronfez-net-history-and-structure.md | community/05-friends-of-show-civilian-cast.md | community/06-off-air-to-on-air-case-traces.md | people/community/irish-alkey-patrick.md | reference/06-community-source-index.md,ERR:URLError,https://www.ronfez.net/forums/printthread.php?t=90775,,,,,http://web.archive.org/web/20130325224127/http://www.ronfez.net/forums/printthread.php?t=90775,20130325224127,no,,2026-09-27T13:07:02+00:00
https://www.ronfez.net/forums/showthread.php?t=7946,community/02-ronfez-net-history-and-structure.md | community/05-friends-of-show-civilian-cast.md | community/06-off-air-to-on-air-case-traces.md | people/community/irish-alkey-patrick.md | people/community/justjon.md | reference/05-originating-chat-link-backlog.md | reference/06-community-source-index.md,ERR:URLError,https://www.ronfez.net/forums/showthread.php?t=7946,,,,,,,no,,2026-09-27T13:09:56+00:00
https://www.ronfez.net/gallery/,community/02-ronfez-net-history-and-structure.md | community/05-friends-of-show-civilian-cast.md | people/community/mikeyboy.md,ERR:URLError,https://www.ronfez.net/gallery/,,,,,http://web.archive.org/web/20260520230004/https://ronfez.net/gallery/,20260520230004,no,,2026-09-27T13:08:27+00:00
https://www.ronfez.net/gallery/showphoto.php/photo/1214/size/external.php/ppuser/29337,events/2007-bergen-county-bar-night.md,ERR:URLError,https://www.ronfez.net/gallery/showphoto.php/photo/1214/size/external.php/ppuser/29337,,,,,,,no,,2026-09-27T13:10:02+00:00
https://www.ronfez.net/gallery/showphoto.php/photo/1402/size/external.php/ppuser/48,reference/05-originating-chat-link-backlog.md,ERR:URLError,https://www.ronfez.net/gallery/showphoto.php/photo/1402/size/external.php/ppuser/48,,,,,,,no,,2026-09-27T13:06:19+00:00
https://www.ronfez.net/gallery/showphoto.php/photo/1941/,reference/06-community-source-index.md,ERR:URLError,https://www.ronfez.net/gallery/showphoto.php/photo/1941/,,,,,,,no,,2026-09-27T13:08:59+00:00
https://www.ronfez.net/gallery/showphoto.php/photo/2030/,community/02-ronfez-net-history-and-structure.md | community/05-friends-of-show-civilian-cast.md | reference/06-community-source-index.md,ERR:URLError,https://www.ronfez.net/gallery/showphoto.php/photo/2030/,,,,,http://web.archive.org/web/20070915085017/http://www.ronfez.net:80/gallery/showphoto.php/photo/2030,20070915085017,no,,2026-09-27T13:05:42+00:00
https://www.ronfez.net/gallery/showphoto.php/photo/2030/ppuser/35895,preservation/source-packs/rfnet-restoration-and-archive.md,ERR:URLError,https://www.ronfez.net/gallery/showphoto.php/photo/2030/ppuser/35895,,,,,,,no,,2026-09-27T13:10:18+00:00
https://www.ronfez.net/gallery/showphoto.php/photo/2194/ppuser/28869,events/2007-02-23-big-ass-bash.md,ERR:URLError,https://www.ronfez.net/gallery/showphoto.php/photo/2194/ppuser/28869,,,,,,,no,,2026-09-27T13:10:32+00:00
https://www.ronfez.net/gallery/showphoto.php/photo/2308/size/external.php/ppuser/27045,events/2007-02-23-big-ass-bash.md | people/community/mike-the-teacher.md,ERR:URLError,https://www.ronfez.net/gallery/showphoto.php/photo/2308/size/external.php/ppuser/27045,,,,,,,no,,2026-09-27T13:09:34+00:00
https://www.ronfez.net/gallery/showphoto.php/photo/2374/ppuser/34073,people/community/crazy-jen.md,ERR:URLError,https://www.ronfez.net/gallery/showphoto.php/photo/2374/ppuser/34073,,,,,,,no,,2026-09-27T13:10:18+00:00
https://www.ronfez.net/gallery/showphoto.php/photo/2383/ppuser/24511,events/2007-mooch-farewell-party.md,ERR:URLError,https://www.ronfez.net/gallery/showphoto.php/photo/2383/ppuser/24511,,,,,,,no,,2026-09-27T13:09:28+00:00
https://www.ronfez.net/gallery/showphoto.php/photo/2407/ppuser/27954,events/2007-mooch-farewell-party.md,ERR:URLError,https://www.ronfez.net/gallery/showphoto.php/photo/2407/ppuser/27954,,,,,,,no,,2026-09-27T13:08:40+00:00
https://www.ronfez.net/gallery/showphoto.php/photo/2412/size/big/cat/ppuser/36766,events/2007-mooch-farewell-party.md,ERR:URLError,https://www.ronfez.net/gallery/showphoto.php/photo/2412/size/big/cat/ppuser/36766,,,,,,,no,,2026-09-27T13:10:14+00:00
https://www.ronfez.net/gallery/showphoto.php/photo/2539/size/big/cat/ppuser/ppuser/1021,events/2007-06-09-dr-dremos-dc-bar-night.md,ERR:URLError,https://www.ronfez.net/gallery/showphoto.php/photo/2539/size/big/cat/ppuser/ppuser/1021,,,,,,,no,,2026-09-27T13:09:39+00:00
https://www.ronfez.net/gallery/showphoto.php/photo/2562/ppuser/18105,events/2007-don-stugots-experience-bbq.md | people/community/don-stugots.md | people/community/hottub.md | reference/08-physical-community-source-index.md,ERR:URLError,https://www.ronfez.net/gallery/showphoto.php/photo/2562/ppuser/18105,,,,,,,no,,2026-09-27T13:06:07+00:00
https://www.ronfez.net/gallery/showphoto.php/photo/2565/ppuser/44981,events/2007-don-stugots-experience-bbq.md | people/community/don-stugots.md | people/community/hottub.md | reference/08-physical-community-source-index.md,ERR:URLError,https://www.ronfez.net/gallery/showphoto.php/photo/2565/ppuser/44981,,,,,,,no,,2026-09-27T13:08:35+00:00
https://www.ronfez.net/gallery/showphoto.php/photo/2580/ppuser/28527,people/community/hottub.md,ERR:URLError,https://www.ronfez.net/gallery/showphoto.php/photo/2580/ppuser/28527,,,,,,,no,,2026-09-27T13:07:20+00:00
https://www.ronfez.net/gallery/showphoto.php/photo/2633/size/big/ppuser/154,events/2007-06-21-dave-casey-wedding.md,ERR:URLError,https://www.ronfez.net/gallery/showphoto.php/photo/2633/size/big/ppuser/154,,,,,,,no,,2026-09-27T13:07:48+00:00
https://www.ronfez.net/gallery/showphoto.php/photo/2670/ppuser/32591,events/2007-06-21-dave-casey-wedding.md | reference/05-originating-chat-link-backlog.md,ERR:URLError,https://www.ronfez.net/gallery/showphoto.php/photo/2670/ppuser/32591,,,,,,,no,,2026-09-27T13:05:42+00:00
https://www.ronfez.net/gallery/showphoto.php/photo/2671/ppuser/28527,chronology/05-maximum-density-2007-2009.md | community/05-friends-of-show-civilian-cast.md | forensics/02-cast-genealogy.md | people/community/happy-typing-girl-debbie-wolf.md | reference/01-source-index.md | reference/05-originating-chat-link-backlog.md,ERR:URLError,https://www.ronfez.net/gallery/showphoto.php/photo/2671/ppuser/28527,,,,,,,no,,2026-09-27T13:05:40+00:00
https://www.ronfez.net/gallery/showphoto.php/photo/2682/,community/06-off-air-to-on-air-case-traces.md,ERR:URLError,https://www.ronfez.net/gallery/showphoto.php/photo/2682/,,,,,http://web.archive.org/web/20100711063059/http://www.ronfez.net:80/gallery/showphoto.php/photo/2682,20100711063059,no,,2026-09-27T13:09:54+00:00
https://www.ronfez.net/gallery/showphoto.php/photo/2682/ppuser/36106,events/2007-06-21-dave-casey-wedding.md | reference/01-source-index.md | reference/05-originating-chat-link-backlog.md | themes/02-events-and-live-culture.md,ERR:URLError,https://www.ronfez.net/gallery/showphoto.php/photo/2682/ppuser/36106,,,,,,,no,,2026-09-27T13:09:13+00:00
https://www.ronfez.net/gallery/showphoto.php/photo/2687/size/external.php/ppuser/38245,events/2007-06-21-dave-casey-wedding.md | reference/08-physical-community-source-index.md,ERR:URLError,https://www.ronfez.net/gallery/showphoto.php/photo/2687/size/external.php/ppuser/38245,,,,,,,no,,2026-09-27T13:07:54+00:00
https://www.ronfez.net/gallery/showphoto.php/photo/2702/ppuser/33936,events/2007-06-21-dave-casey-wedding.md | reference/08-physical-community-source-index.md,ERR:URLError,https://www.ronfez.net/gallery/showphoto.php/photo/2702/ppuser/33936,,,,,,,no,,2026-09-27T13:07:22+00:00
https://www.ronfez.net/gallery/showphoto.php/photo/2738/ppuser/13843,events/2007-06-21-dave-casey-wedding.md,ERR:URLError,https://www.ronfez.net/gallery/showphoto.php/photo/2738/ppuser/13843,,,,,,,no,,2026-09-27T13:06:16+00:00
https://www.ronfez.net/gallery/showphoto.php/photo/2742/ppuser/17019,events/2007-06-21-dave-casey-wedding.md,ERR:URLError,https://www.ronfez.net/gallery/showphoto.php/photo/2742/ppuser/17019,,,,,,,no,,2026-09-27T13:10:06+00:00
https://www.ronfez.net/gallery/showphoto.php/photo/2764/ppuser/30988,events/2007-06-21-dave-casey-wedding.md,ERR:URLError,https://www.ronfez.net/gallery/showphoto.php/photo/2764/ppuser/30988,,,,,,,no,,2026-09-27T13:08:59+00:00
https://www.ronfez.net/gallery/showphoto.php/photo/2809/ppuser/16872,people/community/don-stugots.md,ERR:URLError,https://www.ronfez.net/gallery/showphoto.php/photo/2809/ppuser/16872,,,,,,,no,,2026-09-27T13:08:38+00:00
https://www.ronfez.net/gallery/showphoto.php/photo/2815/ppuser/38051,people/community/don-stugots.md,ERR:URLError,https://www.ronfez.net/gallery/showphoto.php/photo/2815/ppuser/38051,,,,,,,no,,2026-09-27T13:06:57+00:00
https://www.ronfez.net/gallery/showphoto.php/photo/2845/ppuser/37110,events/2001-new-york-forever-bar-crawls.md,ERR:URLError,https://www.ronfez.net/gallery/showphoto.php/photo/2845/ppuser/37110,,,,,,,no,,2026-09-27T13:06:39+00:00
https://www.ronfez.net/gallery/showphoto.php/photo/3091/ppuser/37907,events/2007-rf-softball.md | people/community/hottub.md | people/community/spoon.md | reference/09-governance-staff-and-simulcast-source-index.md,ERR:URLError,https://www.ronfez.net/gallery/showphoto.php/photo/3091/ppuser/37907,,,,,,,no,,2026-09-27T13:08:07+00:00
https://www.ronfez.net/gallery/showphoto.php/photo/3175/,reference/06-community-source-index.md,ERR:URLError,https://www.ronfez.net/gallery/showphoto.php/photo/3175/,,,,,,,no,,2026-09-27T13:06:09+00:00
https://www.ronfez.net/gallery/showphoto.php/photo/3227/,community/05-friends-of-show-civilian-cast.md | reference/06-community-source-index.md,ERR:URLError,https://www.ronfez.net/gallery/showphoto.php/photo/3227/,,,,,http://web.archive.org/web/20260207160739/https://www.ronfez.net/gallery/showphoto.php/photo/3227,20260207160739,no,,2026-09-27T13:09:00+00:00
https://www.ronfez.net/gallery/showphoto.php/photo/3247/cat/mobiquo/size/external.php/ppuser/29459,people/community/hottub.md,ERR:URLError,https://www.ronfez.net/gallery/showphoto.php/photo/3247/cat/mobiquo/size/external.php/ppuser/29459,,,,,,,no,,2026-09-27T13:08:08+00:00
https://www.ronfez.net/gallery/showphoto.php/photo/331/size/external.php/ppuser/69,events/2002-05-17-big-ass-night-of-fights-ii.md | events/a-night-at-double-ds-unresolved.md | reference/11-rfnet-gallery-packet-reconstruction.md,ERR:URLError,https://www.ronfez.net/gallery/showphoto.php/photo/331/size/external.php/ppuser/69,,,,,,,no,,2026-09-27T13:08:49+00:00
https://www.ronfez.net/gallery/showphoto.php/photo/3327/ppuser/27512,events/2007-12-winter-carnival-party.md,ERR:URLError,https://www.ronfez.net/gallery/showphoto.php/photo/3327/ppuser/27512,,,,,,,no,,2026-09-27T13:05:45+00:00
https://www.ronfez.net/gallery/showphoto.php/photo/3343/ppuser/38850,people/community/don-stugots.md,ERR:URLError,https://www.ronfez.net/gallery/showphoto.php/photo/3343/ppuser/38850,,,,,,,no,,2026-09-27T13:05:47+00:00
https://www.ronfez.net/gallery/showphoto.php/photo/3344/ppuser/29962,events/2007-12-winter-carnival-party.md,ERR:URLError,https://www.ronfez.net/gallery/showphoto.php/photo/3344/ppuser/29962,,,,,,,no,,2026-09-27T13:09:41+00:00
https://www.ronfez.net/gallery/showphoto.php/photo/3361/cat/ppuser/size/mobiquo/ppuser/26757,events/2007-12-winter-carnival-party.md,ERR:URLError,https://www.ronfez.net/gallery/showphoto.php/photo/3361/cat/ppuser/size/mobiquo/ppuser/26757,,,,,,,no,,2026-09-27T13:06:59+00:00
https://www.ronfez.net/gallery/showphoto.php/photo/3361/size/big/cat/500,people/community/don-stugots.md,ERR:URLError,https://www.ronfez.net/gallery/showphoto.php/photo/3361/size/big/cat/500,,,,,,,no,,2026-09-27T13:06:15+00:00
https://www.ronfez.net/gallery/showphoto.php/photo/3368/ppuser/24458,reference/05-originating-chat-link-backlog.md,ERR:URLError,https://www.ronfez.net/gallery/showphoto.php/photo/3368/ppuser/24458,,,,,,,no,,2026-09-27T13:08:56+00:00
https://www.ronfez.net/gallery/showphoto.php/photo/3377/ppuser/26065,events/2007-12-winter-carnival-party.md | reference/08-physical-community-source-index.md,ERR:URLError,https://www.ronfez.net/gallery/showphoto.php/photo/3377/ppuser/26065,,,,,,,no,,2026-09-27T13:06:32+00:00
https://www.ronfez.net/gallery/showphoto.php/photo/3412/,community/02-ronfez-net-history-and-structure.md | community/05-friends-of-show-civilian-cast.md | community/06-off-air-to-on-air-case-traces.md | people/community/fleaman.md | people/community/mikeyboy.md | reference/06-community-source-index.md,ERR:URLError,https://www.ronfez.net/gallery/showphoto.php/photo/3412/,,,,,http://web.archive.org/web/20080628064027/http://www.ronfez.net:80/gallery//showphoto.php/photo/3412,20080628064027,no,,2026-09-27T13:09:04+00:00
https://www.ronfez.net/gallery/showphoto.php/photo/3412/ppuser/mobiquo/tapatalkdetect.js,preservation/source-packs/rfnet-restoration-and-archive.md,ERR:URLError,https://www.ronfez.net/gallery/showphoto.php/photo/3412/ppuser/mobiquo/tapatalkdetect.js,,,,,,,no,,2026-09-27T13:09:32+00:00
https://www.ronfez.net/gallery/showphoto.php/photo/3752/,community/02-ronfez-net-history-and-structure.md | community/05-friends-of-show-civilian-cast.md | reference/06-community-source-index.md,ERR:URLError,https://www.ronfez.net/gallery/showphoto.php/photo/3752/,,,,,,,no,,2026-09-27T13:09:46+00:00
https://www.ronfez.net/gallery/showphoto.php/photo/3880/,community/02-ronfez-net-history-and-structure.md | community/06-off-air-to-on-air-case-traces.md | reference/06-community-source-index.md,ERR:URLError,https://www.ronfez.net/gallery/showphoto.php/photo/3880/,,,,,,,no,,2026-09-27T13:07:54+00:00
https://www.ronfez.net/gallery/showphoto.php/photo/3885/,community/02-ronfez-net-history-and-structure.md | community/06-off-air-to-on-air-case-traces.md | reference/06-community-source-index.md,ERR:URLError,https://www.ronfez.net/gallery/showphoto.php/photo/3885/,,,,,http://web.archive.org/web/20081023185927/http://www.ronfez.net:80/gallery/showphoto.php/photo/3885,20081023185927,no,,2026-09-27T13:08:02+00:00
https://www.ronfez.net/gallery/showphoto.php/photo/392/ppuser/35294,events/big-ass-night-of-fright-unresolved.md | reference/10-rfnet-media-url-reconstruction.md,ERR:URLError,https://www.ronfez.net/gallery/showphoto.php/photo/392/ppuser/35294,,,,,,,no,,2026-09-27T13:07:43+00:00
https://www.ronfez.net/gallery/showphoto.php/photo/3986/,community/02-ronfez-net-history-and-structure.md | people/community/mikeyboy.md | reference/06-community-source-index.md,ERR:URLError,https://www.ronfez.net/gallery/showphoto.php/photo/3986/,,,,,http://web.archive.org/web/20260306090902/https://www.ronfez.net/gallery/showphoto.php/photo/3986,20260306090902,no,,2026-09-27T13:06:42+00:00
https://www.ronfez.net/gallery/showphoto.php/photo/3986/ppuser/26185,events/2007-mooch-farewell-party.md,ERR:URLError,https://www.ronfez.net/gallery/showphoto.php/photo/3986/ppuser/26185,,,,,,,no,,2026-09-27T13:08:22+00:00
https://www.ronfez.net/gallery/showphoto.php/photo/4497/,community/02-ronfez-net-history-and-structure.md | community/05-friends-of-show-civilian-cast.md | people/community/chuckwagon-lenny-mcnab.md | reference/06-community-source-index.md | reference/08-community-sources-second-pass.md,ERR:URLError,https://www.ronfez.net/gallery/showphoto.php/photo/4497/,,,,,http://web.archive.org/web/20260314140327/https://www.ronfez.net/gallery/showphoto.php/photo/4497,20260314140327,no,,2026-09-27T13:08:00+00:00
https://www.ronfez.net/gallery/showphoto.php/photo/4497/cat/mobiquo/size/external.php/ppuser/34978,people/community/hottub.md | people/community/spoon.md,ERR:URLError,https://www.ronfez.net/gallery/showphoto.php/photo/4497/cat/mobiquo/size/external.php/ppuser/34978,,,,,,,no,,2026-09-27T13:05:40+00:00
https://www.ronfez.net/gallery/showphoto.php/photo/4497/ppuser/34794,community/02-ronfez-net-history-and-structure.md | preservation/source-packs/rfnet-restoration-and-archive.md,ERR:URLError,https://www.ronfez.net/gallery/showphoto.php/photo/4497/ppuser/34794,,,,,,,no,,2026-09-27T13:08:15+00:00
https://www.ronfez.net/gallery/showphoto.php/photo/4671/,community/02-ronfez-net-history-and-structure.md | community/05-friends-of-show-civilian-cast.md | people/community/crazed.md | people/community/mikeyboy.md | reference/06-community-source-index.md,ERR:URLError,https://www.ronfez.net/gallery/showphoto.php/photo/4671/,,,,,http://web.archive.org/web/20251111042446/http://www.ronfez.net/gallery/showphoto.php/photo/4671,20251111042446,no,,2026-09-27T13:07:52+00:00
https://www.ronfez.net/gallery/showphoto.php/photo/4671/ppuser/8357,people/community/irish-alkey-patrick.md | reference/08-physical-community-source-index.md,ERR:URLError,https://www.ronfez.net/gallery/showphoto.php/photo/4671/ppuser/8357,,,,,,,no,,2026-09-27T13:07:32+00:00
https://www.ronfez.net/gallery/showphoto.php/photo/4728/ppuser/23649,people/community/snoogans.md,ERR:URLError,https://www.ronfez.net/gallery/showphoto.php/photo/4728/ppuser/23649,,,,,,,no,,2026-09-27T13:08:17+00:00
https://www.ronfez.net/gallery/showphoto.php/photo/4906/ppuser/16631,people/community/snoogans.md,ERR:URLError,https://www.ronfez.net/gallery/showphoto.php/photo/4906/ppuser/16631,,,,,,,no,,2026-09-27T13:09:36+00:00
https://www.ronfez.net/gallery/showphoto.php/photo/4925/,community/02-ronfez-net-history-and-structure.md | community/05-friends-of-show-civilian-cast.md,ERR:URLError,https://www.ronfez.net/gallery/showphoto.php/photo/4925/,,,,,,,no,,2026-09-27T13:08:18+00:00
https://www.ronfez.net/gallery/showphoto.php/photo/5071/cat/external.php/size/big/ppuser/21091,people/community/snoogans.md,ERR:URLError,https://www.ronfez.net/gallery/showphoto.php/photo/5071/cat/external.php/size/big/ppuser/21091,,,,,,,no,,2026-09-27T13:06:02+00:00
https://www.ronfez.net/gallery/showphoto.php/photo/513/ppuser/54137,events/christmas-party-2002-unresolved.md | reference/11-rfnet-gallery-packet-reconstruction.md,ERR:URLError,https://www.ronfez.net/gallery/showphoto.php/photo/513/ppuser/54137,,,,,,,no,,2026-09-27T13:06:41+00:00
https://www.ronfez.net/gallery/showphoto.php/photo/527/ppuser/21562,events/christmas-party-2002-unresolved.md | reference/11-rfnet-gallery-packet-reconstruction.md,ERR:URLError,https://www.ronfez.net/gallery/showphoto.php/photo/527/ppuser/21562,,,,,,,no,,2026-09-27T13:06:49+00:00
https://www.ronfez.net/gallery/showphoto.php/photo/670/,community/02-ronfez-net-history-and-structure.md | community/05-friends-of-show-civilian-cast.md | people/community/gvac-greg-petraitis.md | reference/06-community-source-index.md,ERR:URLError,https://www.ronfez.net/gallery/showphoto.php/photo/670/,,,,,,,no,,2026-09-27T13:07:10+00:00
https://www.ronfez.net/gallery/showphoto.php/photo/907/ppuser/4205,events/a-night-at-double-ds-unresolved.md | reference/11-rfnet-gallery-packet-reconstruction.md,ERR:URLError,https://www.ronfez.net/gallery/showphoto.php/photo/907/ppuser/4205,,,,,,,no,,2026-09-27T13:09:07+00:00
https://www.youtube.com/watch?v=4HuFBEBr3Tw,events/2007-02-23-big-ass-bash.md,200,https://www.youtube.com/watch?v=4HuFBEBr3Tw,text/html,1168453,9faa9760f84649af90d298c191e5fc649e47e008d30c57c7caaf62802a1f46bb,full-response,,,yes,ERR:URLError,2026-09-27T13:06:01+00:00
https://www.youtube.com/watch?v=4IVz4RskO8U,reference/08-community-sources-second-pass.md,200,https://www.youtube.com/watch?v=4IVz4RskO8U,text/html,1520915,9f88da8d3f1eb635bf9c2a8ce76c881c8c6e82b70f7e55ac1b6faaf65dd9ea07,full-response,http://web.archive.org/web/20260913125110/https://www.youtube.com/watch?v=4IVz4RskO8U,20260913125110,no,,2026-09-27T13:09:43+00:00
https://www.youtube.com/watch?v=6gZ_Aezhz30,chronology/08-late-era-2012-2014.md | reference/01-source-index.md | reference/05-originating-chat-link-backlog.md,200,https://www.youtube.com/watch?v=6gZ_Aezhz30,text/html,1220589,44aea6fdfce19c745635b388a1bbffa0a58a7ecf494a870ea2d2a86a0e5a026f,full-response,,,yes,ERR:URLError,2026-09-27T13:09:51+00:00
https://www.youtube.com/watch?v=9zLAw93jq4Q,events/2002-02-22-big-ass-night-of-fights-i.md | people/staff/al-dukes.md,200,https://www.youtube.com/watch?v=9zLAw93jq4Q,text/html,1347914,12c17163b004e13f62bcc1dd93d280606051cff8c9c727da280f90d3aae60cb3,full-response,http://web.archive.org/web/20260911161140/https://www.youtube.com/watch?v=9zLAw93jq4Q,20260911161140,no,,2026-09-27T13:06:47+00:00
https://www.youtube.com/watch?v=H_1m217KrIU,reference/01-source-index.md | reference/05-originating-chat-link-backlog.md,200,https://www.youtube.com/watch?v=H_1m217KrIU,text/html,1123490,62ab262fb5baf276cfa92da0b71492d106a0377c8e199bd5acd01e0a5deedeb9,full-response,,,yes,HTTP 200 https://web.archive.org/web/20260927132002/https://www.youtube.com/watch?v=H_1m217KrIU,2026-09-27T13:06:04+00:00
https://www.youtube.com/watch?v=IDyVaaruAj0,chronology/08-late-era-2012-2014.md | forensics/01-work-shoot-ledger.md | reference/01-source-index.md | reference/05-originating-chat-link-backlog.md,200,https://www.youtube.com/watch?v=IDyVaaruAj0,text/html,1190304,7b0f53e2633c14d14544b726ee3f4ad52545bd653134349cc805f3183b26ad4f,full-response,http://web.archive.org/web/20260920123808/https://www.youtube.com/watch?v=IDyVaaruAj0,20260920123808,no,,2026-09-27T13:05:35+00:00
https://www.youtube.com/watch?v=IK9RtC_Xtxs,events/2002-05-17-big-ass-night-of-fights-ii.md | people/community/matty-fridays.md,200,https://www.youtube.com/watch?v=IK9RtC_Xtxs,text/html,1538713,a64e3234195b40e27caaffc54186eb304ed185fce9eebd7dacf3adea133d4e50,full-response,,,yes,ERR:URLError,2026-09-27T13:07:41+00:00
https://www.youtube.com/watch?v=MLq9JLkcWCw,reference/01-source-index.md | reference/05-originating-chat-link-backlog.md,200,https://www.youtube.com/watch?v=MLq9JLkcWCw,text/html,1197263,d91565cbf8b0db8a4907429f91ff6f27be6e8ac00f2c30f0e9fc4094de95d139,full-response,http://web.archive.org/web/20260920123825/https://www.youtube.com/watch?v=MLq9JLkcWCw,20260920123825,no,,2026-09-27T13:08:37+00:00
https://www.youtube.com/watch?v=ZY98i2nRFF4,reference/08-community-sources-second-pass.md,200,https://www.youtube.com/watch?v=ZY98i2nRFF4,text/html,1107641,17202ebd7f8196f636595801c22724c2e78c87ea5d0f53374bac6f5d1d7765f2,full-response,http://web.archive.org/web/20250816082314/https://www.youtube.com/watch?v=ZY98i2nRFF4,20250816082314,yes,ERR:URLError,2026-09-27T13:05:57+00:00
https://www.youtube.com/watch?v=aemLfGoPDzg,reference/01-source-index.md | reference/05-originating-chat-link-backlog.md,200,https://www.youtube.com/watch?v=aemLfGoPDzg,text/html,1168353,761378192586fa3ba9dab507f8fcd49497c7baf21f4e84d9865705a9a9fbf3e5,full-response,,,yes,ERR:URLError,2026-09-27T13:06:16+00:00
https://www.youtube.com/watch?v=cdQhlhjN_n8,reference/08-community-sources-second-pass.md,200,https://www.youtube.com/watch?v=cdQhlhjN_n8,text/html,1218841,d6c9fd30983c00562732215c214858b2b4f7a123ce7f1dd38a9fe127be36143c,full-response,,,yes,HTTP 200 https://web.archive.org/web/20260927132237/https://www.youtube.com/watch?v=cdQhlhjN_n8,2026-09-27T13:07:43+00:00
https://www.youtube.com/watch?v=er5ghoJjHNA,characters/nature-boy.md | wiki/Nature-Boy.md,200,https://www.youtube.com/watch?v=er5ghoJjHNA,text/html,1097698,13d80ee90e4fee906f13995f98f0180141c30c9e0d92414593253edc2fe79d24,full-response,http://web.archive.org/web/20260920124051/https://www.youtube.com/watch?v=er5ghoJjHNA,20260920124051,no,,2026-09-27T13:09:20+00:00
https://www.youtube.com/watch?v=nOKz3KVu47k,community/04-rival-boards-and-board-gossip.md | community/06-off-air-to-on-air-case-traces.md | community/08-board-gossip-episode-ledger.md | reference/06-community-source-index.md | reference/07-whole-show-archive-map.md,200,https://www.youtube.com/watch?v=nOKz3KVu47k,text/html,1308331,6bbbecb7551a85d4063b56580756809c4e49dd84b5bfb8defe26ddd10e74f2ef,full-response,http://web.archive.org/web/20260927132253/https://www.youtube.com/watch?v=nOKz3KVu47k,20260927132253,yes,HTTP 200 https://web.archive.org/web/20260927132253/https://www.youtube.com/watch?v=nOKz3KVu47k,2026-09-27T13:07:33+00:00
https://www.youtube.com/watch?v=rJglXsnLlQ4,reference/08-community-sources-second-pass.md,200,https://www.youtube.com/watch?v=rJglXsnLlQ4,text/html,1099636,3134f53ba0f834ccfeef8fc44c0c61a65f0d98688619ff819c4848caef46dbd1,full-response,http://web.archive.org/web/20260913125341/https://www.youtube.com/watch?v=rJglXsnLlQ4,20260913125341,no,,2026-09-27T13:07:15+00:00
https://youtu.be/QPKzN7YjY1w,preservation/source-packs/gvac-memorial.md,200,https://www.youtube.com/watch?v=QPKzN7YjY1w&feature=youtu.be,text/html,1146260,c0dfe6f2bc0c0591599adf7dc2de7ccaae90dcd0d311d153c23d2e09434b824d,full-response,,,yes,ERR:URLError,2026-09-27T13:10:28+00:00
http://www.ronfezv3.com/forums/images/smilies/finger01.gif,community/09-rfnet-decline-schisms-and-v3.md,ERR:URLError,http://www.ronfezv3.com/forums/images/smilies/finger01.gif,,,,,,,no,,2026-09-27T13:09:23+00:00
https://202friendsinfo.wordpress.com/,events/2010-12-12-fez-fantasy-football-holiday-party.md | events/2011-12-ronnie-spector-christmas-concert.md | reference/05-originating-chat-link-backlog.md,200,https://202friendsinfo.wordpress.com/,text/html,140120,651569229371ffcd78f0b95f075441f48923b95433d326a252c82c5f3c3b5517,full-response,,,yes,ERR:URLError,2026-09-27T13:08:28+00:00
https://able2know.org/topic/128354-1,events/2010-03-07-academy-awards-simulcast.md,200,https://able2know.org/topic/128354-1,text/html,61794,a1e97743dbee95e90bc48ad33c61e656b5dfad5b2343feb229b25402a4ce83f6,full-response,http://web.archive.org/web/20260414052018/https://able2know.org/topic/128354-1,20260414052018,no,,2026-09-27T13:06:44+00:00
https://andelman.com/2018/01/15/fast-eddie-yarb-slows-interview/,chronology/01-roots-ron-and-ron.md | reference/01-source-index.md | reference/05-originating-chat-link-backlog.md,200,https://andelman.com/2018/01/15/fast-eddie-yarb-slows-interview/,text/html,127157,bf0d7083eb3fe53ca70ce1e08fd8bef5477486389d45a75023f8f776a111c4ff,full-response,http://web.archive.org/web/20260927132518/https://andelman.com/2018/01/15/fast-eddie-yarb-slows-interview/,20260927132518,yes,HTTP 200 https://web.archive.org/web/20260927132518/https://andelman.com/2018/01/15/fast-eddie-yarb-slows-interview/,2026-09-27T13:05:57+00:00
https://archive.ph/yhuY7,community/04-rival-boards-and-board-gossip.md | community/13-opie-anthony-comparative-fandom.md | reference/06-community-source-index.md,429,https://archive.ph/yhuY7,,,,,,,no,,2026-09-27T13:07:52+00:00
https://barrettmedia.com/2022/06/27/if-howard-stern-really-doesnt-know-who-al-dukes-is-he-should/,people/staff/al-dukes.md,200,https://barrettmedia.com/2022/06/27/if-howard-stern-really-doesnt-know-who-al-dukes-is-he-should/,text/html,381102,1b896915bbad30fe975a1b272b403f101226c18c458e794349e1660a97f320b2,full-response,,,yes,ERR:URLError,2026-09-27T13:07:40+00:00
https://barrettmedia.com/2025/08/22/justin-johnson-drives-98-rocks-swagger-and-service/,people/community/j-dubs-justin-johnson.md | reference/08-physical-community-source-index.md,200,https://barrettmedia.com/2025/08/22/justin-johnson-drives-98-rocks-swagger-and-service/,text/html,396772,8e72948c6bb5a825f7c586b015d7bcbe25ef2f2ed5be48920127963751db7891,full-response,,,yes,ERR:URLError,2026-09-27T13:10:24+00:00
https://comedymatterstv.com/ron-and-fez-move-to-raw-dog-channel-99-and-bring-comedy-matters-radio-with-them-sirius-xm-and-serious-comedy/,chronology/08-late-era-2012-2014.md | reference/05-originating-chat-link-backlog.md,200,https://comedymatterstv.com/ron-and-fez-move-to-raw-dog-channel-99-and-bring-comedy-matters-radio-with-them-sirius-xm-and-serious-comedy/,text/html,90136,58c77144a0ab3456bfee1b8b756126a8466b18dc1585fc27cf28e7645420bff2,full-response,http://web.archive.org/web/20260927132816/https://comedymatterstv.com/ron-and-fez-move-to-raw-dog-channel-99-and-bring-comedy-matters-radio-with-them-sirius-xm-and-serious-comedy/,20260927132816,yes,HTTP 200 https://web.archive.org/web/20260927132816/https://comedymatterstv.com/ron-and-fez-move-to-raw-dog-channel-99-and-bring-comedy-matters-radio-with-them-sirius-xm-and-serious-comedy/,2026-09-27T13:05:50+00:00
https://commoncrawl.org/blog/index-to-warc-browser-access,reference/10-rfnet-media-url-reconstruction.md,404,https://commoncrawl.org/blog/index-to-warc-browser-access,,,,,,,no,,2026-09-27T13:06:24+00:00
https://commoncrawl.org/get-started,reference/10-rfnet-media-url-reconstruction.md,200,https://commoncrawl.org/get-started,text/html,66825,e02d5e9d0ecdb36737153683c550116c5a0529519f19a67e3a151f47e2a29229,full-response,http://web.archive.org/web/20260913070412/https://commoncrawl.org/get-started,20260913070412,no,,2026-09-27T13:09:05+00:00
https://culture.fandom.com/wiki/Harper_Valley_PTA,events/2003-wjfk-pool-tournament.md,403,https://culture.fandom.com/wiki/Harper_Valley_PTA,,,,,,,no,,2026-09-27T13:05:34+00:00
https://deanemediasolutions.com/?p=8386,people/staff/al-dukes.md,503,https://deanemediasolutions.com/?p=8386,,,,,,,no,,2026-09-27T13:08:33+00:00
https://en-academic.com/dic.nsf/enwiki/11762604,people/staff/tuddle-patrick-fowler.md,200,https://en-academic.com/dic.nsf/enwiki/11762604,text/html,67899,c1a5c8eefdb93391daa7f854eaa124a5801829959e9722aadcc49485fdcbef3c,full-response,http://web.archive.org/web/20260302101358/https://en-academic.com/dic.nsf/enwiki/11762604,20260302101358,yes,ERR:TimeoutError,2026-09-27T13:07:00+00:00
https://en-academic.com/dic.nsf/enwiki/1429593,people/staff/tuddle-patrick-fowler.md,200,https://en-academic.com/dic.nsf/enwiki/1429593,text/html,45079,740cf897cad51e09caed17ebfb151e0a63c0dd7168166bd8dfb4829879cd9da0,full-response,http://web.archive.org/web/20260203092329/https://en-academic.com/dic.nsf/enwiki/1429593,20260203092329,yes,ERR:URLError,2026-09-27T13:09:32+00:00
https://fezcon.com/home/,chronology/10-afterlife-2015-2026.md | community/01-secondary-universe.md | community/06-off-air-to-on-air-case-traces.md | reference/01-source-index.md | reference/05-originating-chat-link-backlog.md | themes/02-events-and-live-culture.md,200,https://fezcon.com/home/,text/html,215279,1e6d73fddf317d639a3de382eb503aaa5caba6359dce5810259d0996f68496b3,full-response,,,yes,ERR:URLError,2026-09-27T13:07:57+00:00
https://fezcon.com/home/?pagenum=2,people/community/bl-brenda-lee.md | reference/05-originating-chat-link-backlog.md,200,https://fezcon.com/home/?pagenum=2,text/html,215193,02e5ef771748babd09d2b636d4c09902bb0f5d97115e3edeb6c13eb3acd9748c,full-response,,,yes,ERR:TimeoutError,2026-09-27T13:07:52+00:00
https://fezcon.com/home/?pagenum=3,reference/05-originating-chat-link-backlog.md,200,https://fezcon.com/home/?pagenum=3,text/html,214778,1619b720756e7b1e4d195b84da08276b232aede9ae889423de37ec2e93ffc658,full-response,,,yes,ERR:TimeoutError,2026-09-27T13:09:53+00:00
https://ffanzeen.blogspot.com/2008/09/memories-of-punk-temple.html,people/community/monty-love-band.md | reference/08-physical-community-source-index.md,429,https://www.google.com/sorry/index?continue=https://ffanzeen.blogspot.com/2008/09/memories-of-punk-temple.html&q=EgQUUZ9zGOCq5NUGIi1Hbdlnvyxan6qyy4EZl0eQ94kWlcwYylOxzdHaGf_M6vRDJ-TZ1y5miLIdNHwyAnJSWgFD,,,,,http://web.archive.org/web/20260213051638/https://ffanzeen.blogspot.com/2008/09/memories-of-punk-temple.html,20260213051638,no,,2026-09-27T13:08:48+00:00
https://forums.anandtech.com/threads/ron-and-fez.165810/,reference/05-originating-chat-link-backlog.md,200,https://forums.anandtech.com/.stile/challenge?rung=nojs&band=watch&return=%2Fthreads%2Fron-and-fez.165810%2F&sig=fe1717f63e976bf2d1ee775d46f214a69025acfeb15a3c5a0382d1abf274c287&aud=forums.anandtech.com&aid=0c9bb9b6a3165d18271092d00afa44ff,text/html,2931,5243e4c6c77623239c5bb9d5322f6626283f7f657296140d174bf1822295b9a7,full-response,http://web.archive.org/web/20240904212315/https://forums.anandtech.com/threads/ron-and-fez.165810/,20240904212315,yes,ERR:URLError,2026-09-27T13:10:22+00:00
https://forums.footballguys.com/threads/opie-and-anthony.559970/,reference/05-originating-chat-link-backlog.md,200,https://forums.footballguys.com/.stile/challenge?rung=nojs&band=watch&return=%2Fthreads%2Fopie-and-anthony.559970%2F&sig=ad670af57901ac78ad1e8e2302fb56acde95cb05dcf8064bff7361b9b5a5bd30&aud=forums.footballguys.com&aid=91568106b6046566ad37b7ea89434eee,text/html,3312,f6e512a8232f5ec35e94e36261cf0a98628c17604e4bce83926c18b5e84e0765,full-response,,,yes,ERR:URLError,2026-09-27T13:09:22+00:00
https://forums.primetimer.com/topic/10583-food-network-in-the-media/,people/community/chuckwagon-lenny-mcnab.md | people/community/hottub.md | reference/08-community-sources-second-pass.md,200,https://forums.primetimer.com/topic/10583-food-network-in-the-media/,text/html,612506,b049f5740e2f46253ad3076d99b250328a7200a84c1c2f356c1e64fdafe65504,full-response,,,no,,2026-09-27T13:07:37+00:00
https://forums.primetimer.com/topic/5688-food-network-star-alums/page/15/,people/community/chuckwagon-lenny-mcnab.md | people/community/hottub.md | reference/08-community-sources-second-pass.md,200,https://forums.primetimer.com/topic/5688-food-network-star-alums/page/15/,text/html,634838,2ef1310cc5987c60549c6c3b6c65fc0389536ea6808521a723cc9e1b9de69bbc,full-response,,,no,,2026-09-27T13:08:33+00:00
https://forums.somethingawful.com/showthread.php?noseen=0&pagenumber=14&perpage=40&threadid=3716868,community/08-board-gossip-episode-ledger.md | reference/08-community-sources-second-pass.md,200,https://forums.somethingawful.com/showthread.php?noseen=0&pagenumber=14&perpage=40&threadid=3716868,text/html,144041,c876219cb612a0c41c6ffb8c9467ac244dac515e4f7ebcd782fae784efd8b934,full-response,,,no,,2026-09-27T13:08:49+00:00
https://forums.somethingawful.com/showthread.php?noseen=0&pagenumber=37&perpage=40&threadid=3599881,people/community/chuckwagon-lenny-mcnab.md | reference/07-whole-show-archive-map.md | reference/08-community-sources-second-pass.md,200,https://forums.somethingawful.com/showthread.php?noseen=0&pagenumber=37&perpage=40&threadid=3599881,text/html,147801,f6bd17d2919d2868309a596421c6131145b6f8bdf3aa1ea82a68bfa13be66645,full-response,,,no,,2026-09-27T13:07:45+00:00
https://forums.somethingawful.com/showthread.php?noseen=0&pagenumber=54&perpage=40&threadid=3599881,reference/05-originating-chat-link-backlog.md,200,https://forums.somethingawful.com/showthread.php?noseen=0&pagenumber=54&perpage=40&threadid=3599881,text/html,148269,f08719273b9a25ab90e7dfc3bf6f3d386ad36c6df100a3e239173fae871cd7d6,full-response,,,no,,2026-09-27T13:10:07+00:00
https://forums.somethingawful.com/showthread.php?noseen=0&pagenumber=59&perpage=40&threadid=3599881,events/2002-06-01-celebrity-softball.md | events/2007-rf-softball.md,200,https://forums.somethingawful.com/showthread.php?noseen=0&pagenumber=59&perpage=40&threadid=3599881,text/html,150950,6cb6f972a34d9cd4d7517c9bfe7deec6217f6a1224cb40b73ba881d40f8e6f08,full-response,,,no,,2026-09-27T13:09:33+00:00
https://forums.somethingawful.com/showthread.php?noseen=0&pagenumber=65&perpage=40&threadid=3830538,people/community/hard-rock-johnny.md,200,https://forums.somethingawful.com/showthread.php?noseen=0&pagenumber=65&perpage=40&threadid=3830538,text/html,135698,2c36bd4303d6a87bc8a87ea6fb178325b39e8402de0ce9037ac7c6108a575b43,full-response,,,no,,2026-09-27T13:07:27+00:00
https://forums.somethingawful.com/showthread.php?threadid=3599881&userid=40175,chronology/08-late-era-2012-2014.md | reference/05-originating-chat-link-backlog.md,200,https://forums.somethingawful.com/showthread.php?threadid=3599881&userid=40175,text/html,131561,e7025a75c5aa49fda2022d2649efcee63d5527154a9848dee78cc904fb99f314,full-response,,,no,,2026-09-27T13:05:34+00:00
https://forumserver.twoplustwo.com/34/other-other-topics/opie-amp-anthony-209823/index2.html,reference/06-community-source-index.md,403,https://forumserver.twoplustwo.com/34/other-other-topics/opie-amp-anthony-209823/index2.html,,,,,,,no,,2026-09-27T13:06:25+00:00
https://forumserver.twoplustwo.com/34/other-other-topics/sirius-xm-virus-961095/,reference/05-originating-chat-link-backlog.md,403,https://forumserver.twoplustwo.com/34/other-other-topics/sirius-xm-virus-961095/,,,,,,,no,,2026-09-27T13:06:36+00:00
https://github.com/internetarchive/wayback/blob/master/wayback-cdx-server/README.md,reference/11-rfnet-gallery-packet-reconstruction.md,200,https://github.com/internetarchive/wayback/blob/master/wayback-cdx-server/README.md,text/html,369399,a0fa5da61de5a1e843516fb1cf33ef11107459e28889a20f63bf15d87146d89d,full-response,http://web.archive.org/web/20260919092638/https://github.com/internetarchive/wayback/blob/master/wayback-cdx-server/README.md,20260919092638,no,,2026-09-27T13:09:27+00:00
https://i.ebayimg.com/images/g/-c4AAOSwc4th6Cg1/s-l1200.jpg,events/artifacts/2002-02-22-night-of-fights-ticket.md,200,https://i.ebayimg.com/images/g/-c4AAOSwc4th6Cg1/s-l1200.jpg,image/jpeg,168679,,,,,no,,2026-09-27T13:07:32+00:00
https://index.commoncrawl.org/,reference/10-rfnet-media-url-reconstruction.md,200,https://index.commoncrawl.org/,text/html,7391,7beb65c8ff3f5ed6b0744426593bfae7f2d6640bb8927ef79ac0a07839fe4c8c,full-response,http://web.archive.org/web/20260915153148/http://index.commoncrawl.org/,20260915153148,no,,2026-09-27T13:08:58+00:00
https://ishouldbelaughing.blogspot.com/2012/03/good-news-friday-fez-whatley-comes-out.html,chronology/07-post-dave-coming-out-2010-2012.md | reference/01-source-index.md | reference/05-originating-chat-link-backlog.md,429,https://www.google.com/sorry/index?continue=https://ishouldbelaughing.blogspot.com/2012/03/good-news-friday-fez-whatley-comes-out.html&q=EgQUUZ9zGKur5NUGIi1gGebvQthkRzGrn00ghuybqToUqSN8dWzdb3HewakIctQWVG-Q36UWIl-m3XwyAnJSWgFD,,,,,http://web.archive.org/web/20250808040933/http://ishouldbelaughing.blogspot.com/2012/03/good-news-friday-fez-whatley-comes-out.html,20250808040933,no,,2026-09-27T13:10:03+00:00
https://kiwix.drnathanhutchins.com/content/wikipedia_en_all_maxi_2026-02/Ron_and_Fez,reference/05-originating-chat-link-backlog.md,200,https://kiwix.drnathanhutchins.com/content/wikipedia_en_all_maxi_2026-02/Ron_and_Fez,text/html,58291,9bc0fa2ec5ed23847ba5d6220d449ab880d0e0bf3445d2a494c761f7293ab62a,full-response,,,no,,2026-09-27T13:06:05+00:00
https://kiwix.scoggi.net/content/wikipedia_en_all_maxi_2023-11/A/Ron_and_Fez,reference/05-originating-chat-link-backlog.md,200,https://kiwix.scoggi.net/content/wikipedia_en_all_maxi_2023-11/A/Ron_and_Fez,text/html,58257,235c8c1656c2d011f5dd292e2ce1e8d04847622fdf44dc457d3161848d0b92f8,full-response,,,no,,2026-09-27T13:08:58+00:00
https://linktr.ee/benningtonshow,reference/05-originating-chat-link-backlog.md,200,https://linktr.ee/benningtonshow,text/html,587583,a1d83190e399891685a3787073c8488cf40461d94b8dbef1ed919ad251a70878,full-response,,,no,,2026-09-27T13:05:41+00:00
https://mindofmorandir.wordpress.com/tag/pepper-hicks/,reference/05-originating-chat-link-backlog.md,200,https://mindofmorandir.wordpress.com/tag/pepper-hicks/,text/html,87327,eb22a19afcd9ae4ac8e226930fe3ffd28e117f8dbf56889324599a6e8a0f56a9,full-response,,,no,,2026-09-27T13:09:50+00:00
https://music.amazon.co.uk/podcasts/e6222080-ae69-4d86-9fe2-8751636c13d4/episodes/c49b3569-546a-42e4-b3a3-f26daf1f9951/get-lot-of-full-audiobooks-in-radio-tv-entertainment-ron-fez-jay-mohr-june-8-2007---opie-anthony,community/04-rival-boards-and-board-gossip.md | community/05-friends-of-show-civilian-cast.md | community/06-off-air-to-on-air-case-traces.md | community/08-board-gossip-episode-ledger.md | reference/06-community-source-index.md,200,https://music.amazon.co.uk/podcasts/e6222080-ae69-4d86-9fe2-8751636c13d4/episodes/c49b3569-546a-42e4-b3a3-f26daf1f9951/get-lot-of-full-audiobooks-in-radio-tv-entertainment-ron-fez-jay-mohr-june-8-2007---opie-anthony,text/html,11645,2a78e7f193e1f42ce6d83e0b6676115d32402ad46af86cd49a960ae4c475a051,full-response,,,no,,2026-09-27T13:05:34+00:00
https://music.amazon.co.uk/podcasts/e6222080-ae69-4d86-9fe2-8751636c13d4/episodes/debefcb0-5382-4d7d-9062-9106a19b4e83/get-lot-of-full-audiobooks-in-radio-tv-entertainment-ron-fez-may-18-2007,reference/05-originating-chat-link-backlog.md,200,https://music.amazon.co.uk/podcasts/e6222080-ae69-4d86-9fe2-8751636c13d4/episodes/debefcb0-5382-4d7d-9062-9106a19b4e83/get-lot-of-full-audiobooks-in-radio-tv-entertainment-ron-fez-may-18-2007,text/html,11621,2617e75241a5a04af7dff1739b9720bda1ace81f4c5745220cb700528ab09902,full-response,,,no,,2026-09-27T13:06:26+00:00
https://music.amazon.co.uk/podcasts/e6222080-ae69-4d86-9fe2-8751636c13d4/episodes/f7edbac8-288c-421a-9e5d-c027845150a2/get-lot-of-full-audiobooks-in-radio-tv-entertainment-ron-fez-december-08-2010---ron-fez,events/2010-12-12-fez-fantasy-football-holiday-party.md | reference/09-governance-staff-and-simulcast-source-index.md,200,https://music.amazon.co.uk/podcasts/e6222080-ae69-4d86-9fe2-8751636c13d4/episodes/f7edbac8-288c-421a-9e5d-c027845150a2/get-lot-of-full-audiobooks-in-radio-tv-entertainment-ron-fez-december-08-2010---ron-fez,text/html,11636,7ea56b315389903ed909767778ad8f08aadc667fd74fcbd2a3425cefcd1cb412,full-response,,,no,,2026-09-27T13:07:14+00:00
https://music.amazon.com.au/podcasts/e6222080-ae69-4d86-9fe2-8751636c13d4/episodes/debefcb0-5382-4d7d-9062-9106a19b4e83/get-lot-of-full-audiobooks-in-radio-tv-entertainment-ron-fez-may-18-2007,community/04-rival-boards-and-board-gossip.md | community/05-friends-of-show-civilian-cast.md | community/06-off-air-to-on-air-case-traces.md | community/08-board-gossip-episode-ledger.md | people/community/bronx-johnny.md | reference/06-community-source-index.md,200,https://music.amazon.com.au/podcasts/e6222080-ae69-4d86-9fe2-8751636c13d4/episodes/debefcb0-5382-4d7d-9062-9106a19b4e83/get-lot-of-full-audiobooks-in-radio-tv-entertainment-ron-fez-may-18-2007,text/html,11621,642c52a8abe497b41dca8c37c1acbced74494d7fd22b792e1eb4659b9dc04adf,full-response,,,no,,2026-09-27T13:06:29+00:00
https://music.amazon.com.br/podcasts/9342963e-b0b7-4c9e-923b-569dd53c7d4a/episodes/2c1d9316-0855-49ed-a337-50dccf36af25/get-mixture-of-full-audiobooks-in-radio-tv-entertainment-ron-fez-shawn-michaels-february-10-2015---ron-fez,people/staff/tuddle-patrick-fowler.md,200,https://music.amazon.com.br/podcasts/9342963e-b0b7-4c9e-923b-569dd53c7d4a/episodes/2c1d9316-0855-49ed-a337-50dccf36af25/get-mixture-of-full-audiobooks-in-radio-tv-entertainment-ron-fez-shawn-michaels-february-10-2015---ron-fez,text/html,11660,837dac3fd37b48922c668a8416cb1919f6e15e82c2346bc8131587847259ab10,full-response,,,no,,2026-09-27T13:09:18+00:00
https://music.amazon.com.br/podcasts/e6222080-ae69-4d86-9fe2-8751636c13d4/episodes/4a9313c7-95c3-4627-b3cf-7fed4f228010/get-lot-of-full-audiobooks-in-radio-tv-entertainment-ron-fez-june-11-2007---opie-anthony,events/2007-06-rock-a-hula-luau.md,200,https://music.amazon.com.br/podcasts/e6222080-ae69-4d86-9fe2-8751636c13d4/episodes/4a9313c7-95c3-4627-b3cf-7fed4f228010/get-lot-of-full-audiobooks-in-radio-tv-entertainment-ron-fez-june-11-2007---opie-anthony,text/html,11642,ff744d6e381dd048476f95d859f1473a9a51962a9bad4347840fb306d9212514,full-response,,,no,,2026-09-27T13:09:27+00:00
https://music.amazon.com.br/podcasts/e6222080-ae69-4d86-9fe2-8751636c13d4/episodes/6dd68781-f313-447b-91f7-e4b22771b68d/get-lot-of-full-audiobooks-in-radio-tv-entertainment-ron-fez-november-3-2008---ron-fez,people/community/big-a-andrew-gold.md,200,https://music.amazon.com.br/podcasts/e6222080-ae69-4d86-9fe2-8751636c13d4/episodes/6dd68781-f313-447b-91f7-e4b22771b68d/get-lot-of-full-audiobooks-in-radio-tv-entertainment-ron-fez-november-3-2008---ron-fez,text/html,11640,e5705ddb319d9c748b49a418703490aba30e83e43737ddaa2614c734e5d816a9,full-response,,,no,,2026-09-27T13:06:52+00:00
https://music.amazon.com.br/podcasts/e6222080-ae69-4d86-9fe2-8751636c13d4/episodes/73db778b-9f6a-4084-9eae-6f8e19048d52/get-lot-of-full-audiobooks-in-radio-tv-entertainment-ron-fez-september-23-2008---ron-fez,reference/05-originating-chat-link-backlog.md,200,https://music.amazon.com.br/podcasts/e6222080-ae69-4d86-9fe2-8751636c13d4/episodes/73db778b-9f6a-4084-9eae-6f8e19048d52/get-lot-of-full-audiobooks-in-radio-tv-entertainment-ron-fez-september-23-2008---ron-fez,text/html,11642,6c97feb3e38d484e905e8ed107dd193520b66b4feddc5e8c55329293e36afdb5,full-response,,,no,,2026-09-27T13:10:32+00:00
https://music.amazon.com.br/podcasts/e6222080-ae69-4d86-9fe2-8751636c13d4/episodes/ac424944-4388-4762-933a-1c18fbd9cdba/get-lot-of-full-audiobooks-in-radio-tv-entertainment-ron-fez-november-20-2009---ron-fez,people/community/hard-rock-johnny.md,200,https://music.amazon.com.br/podcasts/e6222080-ae69-4d86-9fe2-8751636c13d4/episodes/ac424944-4388-4762-933a-1c18fbd9cdba/get-lot-of-full-audiobooks-in-radio-tv-entertainment-ron-fez-november-20-2009---ron-fez,text/html,11641,038bcb41ff68d0b25e279d93a365067980c23381e90b3f02a42a252ac53dc921,full-response,,,no,,2026-09-27T13:10:18+00:00
https://music.amazon.com.br/podcasts/e6222080-ae69-4d86-9fe2-8751636c13d4a/episodes/ac424944-4388-4762-933a-1c18fbd9cdba/get-lot-of-full-audiobooks-in-radio-tv-entertainment-ron-fez-november-20-2009---ron-fez,people/community/crazed.md,200,https://music.amazon.com.br/podcasts/e6222080-ae69-4d86-9fe2-8751636c13d4a/episodes/ac424944-4388-4762-933a-1c18fbd9cdba/get-lot-of-full-audiobooks-in-radio-tv-entertainment-ron-fez-november-20-2009---ron-fez,text/html,11642,195102a824048bacb07f71f75d152253c8f12c225d8e7c4f96637c268efb6ace,full-response,,,no,,2026-09-27T13:06:57+00:00
https://music.amazon.com/podcasts/9342963e-b0b7-4c9e-923b-569dd53c7d4a/episodes/0ccf3748-441f-4f0d-a4d4-9918e8c270fb/get-mixture-of-full-audiobooks-in-radio-tv-entertainment-ron-fez-curly-neal-february-12-2013---ron-fez,people/community/hard-rock-johnny.md,200,https://music.amazon.com/podcasts/9342963e-b0b7-4c9e-923b-569dd53c7d4a/episodes/0ccf3748-441f-4f0d-a4d4-9918e8c270fb/get-mixture-of-full-audiobooks-in-radio-tv-entertainment-ron-fez-curly-neal-february-12-2013---ron-fez,text/html,11651,c9290cf8d8a2624f4ba857fc1da1d11893168a8123d29bf381c1fcdf2c06f671,full-response,,,no,,2026-09-27T13:05:37+00:00
https://music.amazon.com/podcasts/9342963e-b0b7-4c9e-923b-569dd53c7d4a/episodes/47c68f11-a103-4f74-90e3-ea9999f557f0/get-mixture-of-full-audiobooks-in-radio-tv-entertainment-ron-fez-steven-van-zandt-february-3-2012---ron-fez,people/community/hard-rock-johnny.md,200,https://music.amazon.com/podcasts/9342963e-b0b7-4c9e-923b-569dd53c7d4a/episodes/47c68f11-a103-4f74-90e3-ea9999f557f0/get-mixture-of-full-audiobooks-in-radio-tv-entertainment-ron-fez-steven-van-zandt-february-3-2012---ron-fez,text/html,11656,8fbd8e90acaba38091818c76217c645a5ac4b3a356d6a63d1453f713111ed7a0,full-response,,,no,,2026-09-27T13:08:24+00:00
https://music.amazon.com/podcasts/e6222080-ae69-4d86-9fe2-8751636c13d4/episodes/a16dde8a-d3a4-492a-b34e-1d0cb773958e/get-lot-of-full-audiobooks-in-radio-tv-entertainment-ron-fez-archive-september-1-2008---ron-fez,reference/05-originating-chat-link-backlog.md,200,https://music.amazon.com/podcasts/e6222080-ae69-4d86-9fe2-8751636c13d4/episodes/a16dde8a-d3a4-492a-b34e-1d0cb773958e/get-lot-of-full-audiobooks-in-radio-tv-entertainment-ron-fez-archive-september-1-2008---ron-fez,text/html,11644,d9f6916bfaf56606bc52be35f406ffaa55e8091a529634134e6045678fc73776,full-response,,,no,,2026-09-27T13:07:06+00:00
https://music.amazon.com/podcasts/e6222080-ae69-4d86-9fe2-8751636c13d4/episodes/a9447dce-a7b5-4b86-abf2-ed6a6fa3ce07/get-lot-of-full-audiobooks-in-radio-tv-entertainment-ron-fez-june-4-2007---opie-anthony,people/community/crazy-jen.md,200,https://music.amazon.com/podcasts/e6222080-ae69-4d86-9fe2-8751636c13d4/episodes/a9447dce-a7b5-4b86-abf2-ed6a6fa3ce07/get-lot-of-full-audiobooks-in-radio-tv-entertainment-ron-fez-june-4-2007---opie-anthony,text/html,11636,32a6a84461408b60101e422bdc6c741d3a1d9eec0bb97f2fd90a40b3f6506baf,full-response,,,no,,2026-09-27T13:05:38+00:00
https://music.amazon.com/podcasts/e6222080-ae69-4d86-9fe2-8751636c13d4/episodes/ad62f9bd-01ad-4269-8180-a5b07c2aecee/get-lot-of-full-audiobooks-in-radio-tv-entertainment-opie-anthony-michael-emerson-michael-madsen-and-big-a-february-15-2008---opie-anthony,people/community/big-a-andrew-gold.md,200,https://music.amazon.com/podcasts/e6222080-ae69-4d86-9fe2-8751636c13d4/episodes/ad62f9bd-01ad-4269-8180-a5b07c2aecee/get-lot-of-full-audiobooks-in-radio-tv-entertainment-opie-anthony-michael-emerson-michael-madsen-and-big-a-february-15-2008---opie-anthony,text/html,11687,bb3d3b438eafa7e8c965619def3a42abd75f1930fc6f177c9691fb803fb186fa,full-response,,,no,,2026-09-27T13:09:29+00:00
https://music.amazon.com/podcasts/e6222080-ae69-4d86-9fe2-8751636c13d4/episodes/b5415b7a-d195-4935-a0aa-544f8e97d9be/get-lot-of-full-audiobooks-in-radio-tv-entertainment-ron-fez-jaqueline-bisset-december-09-2010---ron-fez,events/2010-12-12-fez-fantasy-football-holiday-party.md,200,https://music.amazon.com/podcasts/e6222080-ae69-4d86-9fe2-8751636c13d4/episodes/b5415b7a-d195-4935-a0aa-544f8e97d9be/get-lot-of-full-audiobooks-in-radio-tv-entertainment-ron-fez-jaqueline-bisset-december-09-2010---ron-fez,text/html,11653,d85683cee8cc5d23cc9e76ce01f3a6929abdaa84b80ddc72dd8a86cc3cf3c472,full-response,,,no,,2026-09-27T13:05:44+00:00
https://music.amazon.com/podcasts/e6222080-ae69-4d86-9fe2-8751636c13d4a/episodes/b79cdaf1-732d-450b-8e74-8673a08fe4f0/get-lot-of-full-audiobooks-in-radio-tv-entertainment-ron-fez-april-1-2009---ron-fez,people/community/crazed.md,200,https://music.amazon.com/podcasts/e6222080-ae69-4d86-9fe2-8751636c13d4a/episodes/b79cdaf1-732d-450b-8e74-8673a08fe4f0/get-lot-of-full-audiobooks-in-radio-tv-entertainment-ron-fez-april-1-2009---ron-fez,text/html,11633,758b411429dc7aab4beaeccbdf1473fec271df67ad6c28f9a6e47c7c5ac5cc66,full-response,,,no,,2026-09-27T13:08:40+00:00
https://music.amazon.es/podcasts/c45d3223-266e-414f-8292-cd7f25a0d04d/episodes/1e47b65e-f0d1-4242-ad62-8c5eb76c0270/the-tuddle-daily-podcast-episode-518-tuddle-daily-podcast-500-%E2%80%9Cmy-chat-with-soul-brother-kevin%E2%80%9D,events/2002-07-15-16-tuddle-concrete-coffin.md | people/staff/tuddle-patrick-fowler.md,200,https://music.amazon.es/podcasts/c45d3223-266e-414f-8292-cd7f25a0d04d/episodes/1e47b65e-f0d1-4242-ad62-8c5eb76c0270/the-tuddle-daily-podcast-episode-518-tuddle-daily-podcast-500-%E2%80%9Cmy-chat-with-soul-brother-kevin%E2%80%9D,text/html,11663,d67dafc1ef9f509b881a9340891ad037e0955c9f564158110404c5ac03f1e19a,full-response,,,no,,2026-09-27T13:06:01+00:00
https://music.amazon.fr/podcasts/e6222080-ae69-4d86-9fe2-8751636c13d4/episodes/93e0fcfb-431b-41c6-ba62-fa4a37b73e96/get-lot-of-full-audiobooks-in-radio-tv-entertainment-ron-fez-december-07-2010---ron-fez,events/2010-12-12-fez-fantasy-football-holiday-party.md,200,https://music.amazon.fr/podcasts/e6222080-ae69-4d86-9fe2-8751636c13d4/episodes/93e0fcfb-431b-41c6-ba62-fa4a37b73e96/get-lot-of-full-audiobooks-in-radio-tv-entertainment-ron-fez-december-07-2010---ron-fez,text/html,11642,93c25b7c541315875dc1ae33ad15f001d161984e72f6d19f1cbddae10754d357,full-response,,,no,,2026-09-27T13:10:06+00:00
https://music.amazon.fr/podcasts/e6222080-ae69-4d86-9fe2-8751636c13d4a/episodes/9e599b48-f004-46bf-91b7-5047701d11e5/get-lot-of-full-audiobooks-in-radio-tv-entertainment-ron-fez-december-19-2014---ron-fez,people/community/hard-rock-johnny.md,200,https://music.amazon.fr/podcasts/e6222080-ae69-4d86-9fe2-8751636c13d4a/episodes/9e599b48-f004-46bf-91b7-5047701d11e5/get-lot-of-full-audiobooks-in-radio-tv-entertainment-ron-fez-december-19-2014---ron-fez,text/html,11643,26d08b3c9e073b26d88cc5818c774f42d2ca3b04387a7ac34fe104c762b933cb,full-response,,,no,,2026-09-27T13:08:22+00:00
https://music.amazon.in/podcasts/cc82e207-a422-472b-971e-40abe1224904/episodes/ecacbd6c-ee4d-4b85-9db1-4f6afe592744/south-florida-radio-archives-ron-ron-show---hooters-on-the-radio-february-22-1996,people/community/bl-brenda-lee.md,200,https://music.amazon.in/podcasts/cc82e207-a422-472b-971e-40abe1224904/episodes/ecacbd6c-ee4d-4b85-9db1-4f6afe592744/south-florida-radio-archives-ron-ron-show---hooters-on-the-radio-february-22-1996,text/html,8568,e42c62fbd025cd80fa998e699913389ee2cf0c956c690be33ce2da8bdcd63dd5,full-response,,,no,,2026-09-27T13:09:48+00:00
https://music.amazon.in/podcasts/d5415e41-48d1-4f8a-a23b-6cc282b17a68/davey-mac%27s-tales-from-the-satellite,people/community/big-a-andrew-gold.md,200,https://music.amazon.in/podcasts/d5415e41-48d1-4f8a-a23b-6cc282b17a68/davey-mac%27s-tales-from-the-satellite,text/html,8477,378bf8c0d4448d96740ae4bda485b1ed8275acec51d6f827dd0b60fd85a9dcf4,full-response,,,no,,2026-09-27T13:08:38+00:00
https://music.amazon.in/podcasts/e6222080-ae69-4d86-9fe2-8751636c13d4/episodes/7105405b-a388-4a2e-be1c-f4a8467fe97a/get-lot-of-full-audiobooks-in-radio-tv-entertainment-ron-fez-june-4-2007---opie-anthony,reference/05-originating-chat-link-backlog.md,200,https://music.amazon.in/podcasts/e6222080-ae69-4d86-9fe2-8751636c13d4/episodes/7105405b-a388-4a2e-be1c-f4a8467fe97a/get-lot-of-full-audiobooks-in-radio-tv-entertainment-ron-fez-june-4-2007---opie-anthony,text/html,8574,32c26225d25292ac95b46d09bbf565e99447eb4eb4839f3c25c6463a5a18f9f7,full-response,,,no,,2026-09-27T13:09:36+00:00
https://music.amazon.it/podcasts/e6222080-ae69-4d86-9fe2-8751636c13d4/episodes/c49b3569-546a-42e4-b3a3-f26daf1f9951/get-lot-of-full-audiobooks-in-radio-tv-entertainment-ron-fez-jay-mohr-june-8-2007---opie-anthony,reference/05-originating-chat-link-backlog.md,200,https://music.amazon.it/podcasts/e6222080-ae69-4d86-9fe2-8751636c13d4/episodes/c49b3569-546a-42e4-b3a3-f26daf1f9951/get-lot-of-full-audiobooks-in-radio-tv-entertainment-ron-fez-jay-mohr-june-8-2007---opie-anthony,text/html,11649,aedf7f78f11b6593ad4e6cfdad00a34b4d325be94cfb2c29d9f1ef39b1820e74,full-response,,,no,,2026-09-27T13:07:24+00:00
https://music.apple.com/us/album/you-want-what-we-got-21st-birthday-version-single/1622489518,people/community/monty-love-band.md,200,https://music.apple.com/us/album/you-want-what-we-got-21st-birthday-version-single/1622489518,text/html,97500,75be6ab2a417da24c645535f834e36a5cd1a97fe9609f65bea38e45d0b57e2c3,full-response,,,no,,2026-09-27T13:08:47+00:00
https://obituaries.startribune.com/obituary/curtis-michael-hennig-1090619798/guestbook?p=84,people/community/death-metal-moe.md,403,https://obituaries.startribune.com/obituary/curtis-michael-hennig-1090619798/guestbook?p=84,,,,,,,no,,2026-09-27T13:07:48+00:00
https://ona.neocities.org/,people/staff/al-dukes.md,200,https://ona.neocities.org/,text/html,9236,d8ee6eea7b954673324fb6e3480a81847fd029106fe415ca6e3c56a028b9f010,full-response,,,no,,2026-09-27T13:06:25+00:00
https://opieandanthony.wordpress.com/,community/04-rival-boards-and-board-gossip.md | community/05-friends-of-show-civilian-cast.md | community/06-off-air-to-on-air-case-traces.md | people/community/fleaman.md | reference/06-community-source-index.md,200,https://opieandanthony.wordpress.com/,text/html,196554,09a176e02891aa8be13b850563cd5e357e30ddaf9f58953f689a720794af87c9,full-response,http://web.archive.org/web/20260103083109/https://opieandanthony.wordpress.com/,20260103083109,no,,2026-09-27T13:07:08+00:00
https://opieandanthony.wordpress.com/2006/08/12/,community/13-opie-anthony-comparative-fandom.md,200,https://opieandanthony.wordpress.com/2006/08/12/,text/html,104522,8eb8e1c334f5d10c2c93c53878c6b288d51dbfc299b3a1ba8b40cce711c08e37,full-response,,,no,,2026-09-27T13:07:50+00:00
https://opieandanthony.wordpress.com/2006/09/03/,community/13-opie-anthony-comparative-fandom.md,200,https://opieandanthony.wordpress.com/2006/09/03/,text/html,182469,33dbfb140cb47877f13dd9409304846033a24a1982ac73f1c02957aadc609615,full-response,,,no,,2026-09-27T13:05:37+00:00
https://opieandanthony.wordpress.com/2007/01/,community/04-rival-boards-and-board-gossip.md | reference/06-community-source-index.md,200,https://opieandanthony.wordpress.com/2007/01/,text/html,196751,f6aa01ec75fa4b3c9caca1f4bd658c8827544ddcdf45eafd082296c8c9b0bf8c,full-response,,,no,,2026-09-27T13:10:01+00:00
https://opieandanthony.wordpress.com/2007/01/04/92606/,community/03-paltalk-big-ass-room.md | community/04-rival-boards-and-board-gossip.md | reference/06-community-source-index.md,200,https://opieandanthony.wordpress.com/2007/01/04/92606/,text/html,92610,d65bfd805e131eace5a549b3c3c3b0d707f64cd5da00ca92c22f1a6573da6902,full-response,,,no,,2026-09-27T13:05:46+00:00
https://philaflavaforum.com/forum/viewtopic.php?start=210&t=96299,people/community/crazy-jen.md | people/community/don-the-hypnotist-don-friedman.md | people/community/hosp-gary-oransky.md,200,https://philaflavaforum.com/forum/viewtopic.php?start=210&t=96299,text/html,129474,ee53dc2f555e1d0f5102a3d22feccca24c6a94a6c9bb0e496bfcf9bf9d3b6994,full-response,,,no,,2026-09-27T13:09:13+00:00
https://philaflavaforum.com/forum/viewtopic.php?start=300&t=96299,chronology/05-maximum-density-2007-2009.md | people/community/big-a-andrew-gold.md | reference/01-source-index.md | reference/05-originating-chat-link-backlog.md,200,https://philaflavaforum.com/forum/viewtopic.php?start=300&t=96299,text/html,132863,85965a8730e62b374c6cdbc12b31a3202c4b47c85fdfefb40feeca0e172acec4,full-response,,,no,,2026-09-27T13:05:34+00:00
https://philaflavaforum.com/forum/viewtopic.php?start=780&t=96299,community/03-paltalk-big-ass-room.md | community/05-friends-of-show-civilian-cast.md | community/06-off-air-to-on-air-case-traces.md | events/2007-06-21-dave-casey-wedding.md | people/community/french-bread-pizza.md | people/community/happy-typing-girl-debbie-wolf.md | reference/06-community-source-index.md,200,https://philaflavaforum.com/forum/viewtopic.php?start=780&t=96299,text/html,129963,337a81b4b86d37f5747ea26258d17aa0787b6c91e28cd95db914700f1cb3ccbf,full-response,,,no,,2026-09-27T13:08:28+00:00
https://podcasts.apple.com/us/podcast/102-7-wnew-fm-talks-wild-west/id1559751187,events/2002-02-22-big-ass-night-of-fights-i.md | people/staff/al-dukes.md,200,https://podcasts.apple.com/us/podcast/102-7-wnew-fm-talks-wild-west/id1559751187,text/html,245658,5e69eb899062f9a441acdccc0613b645a0d2fa9883ec3f9d0139c1e9502b1aab,full-response,http://web.archive.org/web/20250825030653/https://podcasts.apple.com/us/podcast/102-7-wnew-fm-talks-wild-west/id1559751187,20250825030653,no,,2026-09-27T13:09:47+00:00
https://podcasts.apple.com/us/podcast/davey-macs-tales-from-the-satellite/id1699578669,chronology/10-afterlife-2015-2026.md | reference/01-source-index.md | reference/05-originating-chat-link-backlog.md,200,https://podcasts.apple.com/us/podcast/davey-macs-tales-from-the-satellite/id1699578669,text/html,342635,d7a87c83b70a67522a738dfb4d7e5e49d579513f0b819428b561c34fa72c5b1e,full-response,http://web.archive.org/web/20240522182010/https://podcasts.apple.com/us/podcast/davey-macs-tales-from-the-satellite/id1699578669,20240522182010,no,,2026-09-27T13:09:21+00:00
https://podcasts.apple.com/us/podcast/the-tuddle-daily-podcast/id1501964749,people/staff/tuddle-patrick-fowler.md,200,https://podcasts.apple.com/us/podcast/the-tuddle-daily-podcast/id1501964749,text/html,347914,4b249d4a19bf0f5f8bfde7f87eee947aa6969e5a6835d63b8fa89b27f77fb5ef,full-response,http://web.archive.org/web/20250818202614/https://podcasts.apple.com/us/podcast/the-tuddle-daily-podcast/id1501964749,20250818202614,no,,2026-09-27T13:06:30+00:00
https://podcasts.apple.com/us/podcast/those-florida-days-with-b-l/id1770196117,people/community/bl-brenda-lee.md,200,https://podcasts.apple.com/us/podcast/those-florida-days-with-b-l/id1770196117,text/html,324680,51b7cc0f3a292d878079a36204c24e8af799919ec4132ea720727cf55bb43b2a,full-response,,,no,,2026-09-27T13:05:43+00:00
https://pryorcenter.uark.edu/projects/KATV/1-person-topic/Person-RYP-SHE.pdf,characters/nature-boy.md | preservation/source-packs/nature-boy.md | wiki/Nature-Boy.md,200,https://pryorcenter.uark.edu/projects/KATV/1-person-topic/Person-RYP-SHE.pdf,application/pdf,6876626,,,,,no,,2026-09-27T13:06:30+00:00
https://radiodiscussions.com/threads/fez-whatley-ron-fez-comes-out.621287/,reference/05-originating-chat-link-backlog.md,200,https://radiodiscussions.com/threads/fez-whatley-ron-fez-comes-out.621287/,text/html,58493,56200ac120408a0765dd995b0790b68810576e7ffb60e5ac6f65b1f2641ee443,full-response,,,no,,2026-09-27T13:09:55+00:00
https://radiodiscussions.com/threads/goodbye-ron-and-fez.441963/,reference/05-originating-chat-link-backlog.md,200,https://radiodiscussions.com/threads/goodbye-ron-and-fez.441963/,text/html,56858,44621b6867efa80771fc8d7dec79218fedfca91f57e1417cf4528ae0d27f8f27,full-response,,,no,,2026-09-27T13:08:25+00:00
https://radiodiscussions.com/threads/opie-anthony-intern-wins-the-daily-news-100-000.447321/,reference/05-originating-chat-link-backlog.md,200,https://radiodiscussions.com/threads/opie-anthony-intern-wins-the-daily-news-100-000.447321/,text/html,80061,12ca1707cf3b702dd84bf24c19349e095e5bba6708635faeb7b9192532ed2504,full-response,,,no,,2026-09-27T13:10:28+00:00
https://radioghost.com/?page_id=29,people/community/big-a-andrew-gold.md | reference/01-source-index.md | reference/05-originating-chat-link-backlog.md | themes/03-music-and-sonic-identity.md,200,https://radioghost.com/?page_id=29,text/html,87412,d88204e1728eee96ba034646505cb6f04c06d9b668058d4629b882c66f5d82fe,full-response,,,no,,2026-09-27T13:09:16+00:00
https://radioink.com/2025/08/18/baltimores-98-rock-names-justin-johnson-program-director/,people/community/j-dubs-justin-johnson.md | reference/08-physical-community-source-index.md,200,https://radioink.com/2025/08/18/baltimores-98-rock-names-justin-johnson-program-director/,text/html,244442,5fd30e999a8580f71cff355fff558dd3274ecbc506d8b6a2c4c848a1e1de3c75,full-response,http://web.archive.org/web/20260407203900/https://radioink.com/2025/08/18/baltimores-98-rock-names-justin-johnson-program-director/,20260407203900,no,,2026-09-27T13:05:58+00:00
https://realradio.iheart.com/featured/as-heard-on-the-monsters/content/2023-04-17-ron-bennington-a-heartfelt-tribute-from-a-grateful-talk-show-host/,characters/nature-boy.md | preservation/priority-queue.md | preservation/source-packs/nature-boy.md | wiki/Nature-Boy.md,200,https://realradio.iheart.com/featured/as-heard-on-the-monsters/content/2023-04-17-ron-bennington-a-heartfelt-tribute-from-a-grateful-talk-show-host/,text/html,583317,7bfef1d700f5a1aba334e344e7e1725c7e260504d1303ea9f549a34eb6b87f90,full-response,,,no,,2026-09-27T13:05:45+00:00
https://robbedford.blogspot.com/2005/01/,reference/05-originating-chat-link-backlog.md,200,https://robbedford.blogspot.com/2005/01/,text/html,455711,a22329a7a3ecb709be7c1e509a4f2be7a34e7340071fe8b9fca527e3f2fff4d5,full-response,http://web.archive.org/web/20260831061802/https://robbedford.blogspot.com/2005/01/,20260831061802,no,,2026-09-27T13:08:06+00:00
https://roundheadbooks.wordpress.com/goodnight-funny-man/,chronology/08-late-era-2012-2014.md | reference/05-originating-chat-link-backlog.md,200,https://roundheadbooks.wordpress.com/goodnight-funny-man/,text/html,131073,579c6865bfa162349e2e0b840fa90ec49551300a7498ea4db5f1bfea74948d68,full-response,,,no,,2026-09-27T13:08:40+00:00
https://techcrunch.com/2009/08/21/crunchgear-interviews-up-and-coming-inventor-%E2%80%98east-side%E2%80%99-dave-mcdonald-from-%E2%80%98the-ron-and-fez-show%E2%80%99/,chronology/05-maximum-density-2007-2009.md | reference/01-source-index.md | reference/05-originating-chat-link-backlog.md,200,https://techcrunch.com/2009/08/21/crunchgear-interviews-up-and-coming-inventor-%E2%80%98east-side%E2%80%99-dave-mcdonald-from-%E2%80%98the-ron-and-fez-show%E2%80%99/,text/html,250846,e2561344e736ef4cafacc9432f4028cd0669fcb4f3383022259b345cfca0682a,full-response,http://web.archive.org/web/20221001124603/https://techcrunch.com/2009/08/21/crunchgear-interviews-up-and-coming-inventor-%e2%80%98east-side%e2%80%99-dave-mcdonald-from-%e2%80%98the-ron-and-fez-show%e2%80%99/,20221001124603,no,,2026-09-27T13:08:43+00:00
https://techcrunch.com/2009/12/31/recognizing-xm-channel-202s-excellence-2009-edition/,chronology/06-dave-fez-2009-2010.md | reference/01-source-index.md | reference/05-originating-chat-link-backlog.md,200,https://techcrunch.com/2009/12/31/recognizing-xm-channel-202s-excellence-2009-edition/,text/html,233279,81ee0c9d93eefc66d81b864bc801ecfd1dce652536117c4e5ef6a67761a1c19d,full-response,http://web.archive.org/web/20240223050746/https://techcrunch.com/2009/12/31/recognizing-xm-channel-202s-excellence-2009-edition/,20240223050746,no,,2026-09-27T13:10:02+00:00
https://techcrunch.com/2010/02/05/worlds-first-twitter-party-ron-and-fez-super-bowl-twitter-party-this-sunday-and-you-can-win-knissors/,community/02-ronfez-net-history-and-structure.md | reference/05-originating-chat-link-backlog.md,200,https://techcrunch.com/2010/02/05/worlds-first-twitter-party-ron-and-fez-super-bowl-twitter-party-this-sunday-and-you-can-win-knissors/,text/html,234671,e195eb2fe31f7eb2f7ea3a6952817868c036e1c4a366c387326d1e55d6d40db4,full-response,http://web.archive.org/web/20230921164936/https://techcrunch.com/2010/02/05/worlds-first-twitter-party-ron-and-fez-super-bowl-twitter-party-this-sunday-and-you-can-win-knissors/,20230921164936,no,,2026-09-27T13:09:24+00:00
https://techcrunch.com/2010/05/24/save-dave-twitter-campaign-rallies-around-sirius-xms-ron-and-fez-producer/,chronology/06-dave-fez-2009-2010.md | community/06-off-air-to-on-air-case-traces.md | reference/01-source-index.md | reference/05-originating-chat-link-backlog.md,200,https://techcrunch.com/2010/05/24/save-dave-twitter-campaign-rallies-around-sirius-xms-ron-and-fez-producer/,text/html,243032,587aa912a9cb638a0b990dadb34b2af7a76438d79ebdab77d5f8e5d92a8829e9,full-response,http://web.archive.org/web/20260103023935/https://techcrunch.com/2010/05/24/save-dave-twitter-campaign-rallies-around-sirius-xms-ron-and-fez-producer/,20260103023935,no,,2026-09-27T13:06:55+00:00
https://techcrunch.com/2010/09/08/amidst-howard-stern-negotiations-numerous-talent-firings-the-question-becomes-where-are-you-going-sirius-xm/,reference/01-source-index.md | reference/05-originating-chat-link-backlog.md,200,https://techcrunch.com/2010/09/08/amidst-howard-stern-negotiations-numerous-talent-firings-the-question-becomes-where-are-you-going-sirius-xm/,text/html,240588,54dc58c150bf1828b6c594c55740ca58defcf70d9188664150be4d9518f42b12,full-response,,,no,,2026-09-27T13:08:51+00:00
https://thehistoryofwwe.com/meadowlands-arena-results-2000s/,events/unresolved-early-rfnet-artifacts.md,200,https://thehistoryofwwe.com/meadowlands-arena-results-2000s/,text/html,92407,ce6198f35b39d887da821680ccd2efe11c7eb8cb4746671057a27e19e225cb4c,full-response,http://web.archive.org/web/20260514172146/https://thehistoryofwwe.com/meadowlands-arena-results-2000s/,20260514172146,no,,2026-09-27T13:05:34+00:00
https://thehistoryofwwe.com/nassau-coliseum-results-2000s/,events/unresolved-early-rfnet-artifacts.md,200,https://thehistoryofwwe.com/nassau-coliseum-results-2000s/,text/html,69747,7a5760edb876a38fb4f9b2a6475ff50619ab721d2e53670dfb209d76d80d4f5c,full-response,http://web.archive.org/web/20250728235945/https://thehistoryofwwe.com/nassau-coliseum-results-2000s/,20250728235945,no,,2026-09-27T13:07:21+00:00
https://thehistoryofwwe.com/wwf-smackdown-2001/,events/unresolved-early-rfnet-artifacts.md,200,https://thehistoryofwwe.com/wwf-smackdown-2001/,text/html,94179,64a2d4c30ce765e2f3b2bf120e938ccf7e142876c00d51b320fa92d4df1efeea,full-response,http://web.archive.org/web/20260514155652/https://thehistoryofwwe.com/wwf-smackdown-2001/,20260514155652,no,,2026-09-27T13:08:54+00:00
https://wfmu.org/playlists/shows/7635,people/community/monty-love-band.md | reference/08-physical-community-source-index.md,200,https://wfmu.org/playlists/shows/7635,text/html,111262,68e3fc072837a24285a7f2d403a579f037726e7b5d788c1d4f1527df14bd8d48,full-response,http://web.archive.org/web/20250217064001/https://wfmu.org/playlists/shows/7635,20250217064001,no,,2026-09-27T13:09:25+00:00
https://wiki.sizzltek.com/content/wikipedia_en_all_maxi_2025-08/Ron_and_Fez,reference/05-originating-chat-link-backlog.md,200,https://wiki.sizzltek.com/content/wikipedia_en_all_maxi_2025-08/Ron_and_Fez,text/html,58698,bbba8e6b551b82174b7856979a804b6c39b27a26377b20a3621e02f8fd78b9d2,full-response,,,no,,2026-09-27T13:08:39+00:00
https://wikibin.org/articles/list-of-ron-and-fez-show-characters.html,events/2002-02-22-big-ass-night-of-fights-i.md | events/unresolved-early-rfnet-artifacts.md | people/community/moshin.md | people/staff/hannah-hahn.md | reference/01-source-index.md | reference/05-originating-chat-link-backlog.md | reference/10-rfnet-media-url-reconstruction.md,200,https://wikibin.org/articles/list-of-ron-and-fez-show-characters.html,text/html,75157,4a9a4d68a7628776a71e74ed407c402701a8c921251ec3cd2211ae7d2fcfbefc,full-response,http://web.archive.org/web/20121023120654/http://wikibin.org:80/articles/list-of-ron-and-fez-show-characters.html,20121023120654,no,,2026-09-27T13:08:11+00:00
https://wikipedia.classicistranieri.com/en/articles/w/w/f/WWFS_9820.html,people/staff/tasteless-ginny-ginny-sanchez.md,200,https://wikipedia.classicistranieri.com/en/articles/w/w/f/WWFS_9820.html,text/html,303459,4dd37f76bb53b9845085fa9c0f4a008e90960040e1efc5f3f4c4e1ab8036ba3e,full-response,,,no,,2026-09-27T13:09:26+00:00
https://wrestlingwithcriminals.podbean.com/e/ron-and-fez-replay-the-nature-boy/,wiki/Nature-Boy.md,200,https://wrestlingwithcriminals.podbean.com/e/ron-and-fez-replay-the-nature-boy/,text/html,30288,492c29519699c92a4e72efeddb7c9f1687bb8b6f4cb41ad155505b2c4b92d665,full-response,,,no,,2026-09-27T13:07:43+00:00
https://www.advocate.com/news/daily-news/2012/02/26/famous-radio-host-comes-out,chronology/07-post-dave-coming-out-2010-2012.md | reference/01-source-index.md | reference/05-originating-chat-link-backlog.md,200,https://www.advocate.com/news/daily-news/2012/02/26/famous-radio-host-comes-out,text/html,457163,5302616fa642abac59d5394e64488595fe562211051187be1a72f4033073cc35,full-response,,,no,,2026-09-27T13:09:37+00:00
https://www.allmusic.com/artist/monty-love-mn0000675955,reference/08-physical-community-source-index.md,403,https://www.allmusic.com/artist/monty-love-mn0000675955,,,,,http://web.archive.org/web/20211204203045/https://www.allmusic.com/artist/monty-love-mn0000675955,20211204203045,no,,2026-09-27T13:05:34+00:00
https://www.artofthemix.org/mix/110496/,events/2007-02-23-big-ass-bash.md,200,https://www.artofthemix.org/mix/110496/,text/html,34236,0511e241a26f65361628ece4e85b91080854e66b2117eb5777aae5c9a7e2eee8,full-response,,,no,,2026-09-27T13:05:59+00:00
https://www.audacy.com/wfan/sports/craig-carton-celebrates-al-dukes-20th-anniversary-in-nyc,events/2002-02-22-big-ass-night-of-fights-i.md | people/staff/al-dukes.md,200,https://www.audacy.com/wfan/sports/craig-carton-celebrates-al-dukes-20th-anniversary-in-nyc,text/html,543208,a2718697ee2c86b02ef3429c074b7a740c3dbadca2c8f01b9d5b20c9dd79d5fe,full-response,http://web.archive.org/web/20230319215430/https://www.audacy.com/wfan/sports/craig-carton-celebrates-al-dukes-20th-anniversary-in-nyc,20230319215430,no,,2026-09-27T13:07:26+00:00
https://www.bumwinebob.com/2021/08/fez-marie-whatley-sweet-gentle-man.html,reference/05-originating-chat-link-backlog.md,429,https://www.google.com/sorry/index?continue=https://www.bumwinebob.com/2021/08/fez-marie-whatley-sweet-gentle-man.html&q=EgQUUZ9zGIOr5NUGIi11VNaprkXoIUkD_rR63-oPW7qzXBYzid9_YhMea6jS0vSdWiV4LzyRbq3i3KoyAnJSWgFD,,,,,http://web.archive.org/web/20210817015915/https://www.bumwinebob.com/2021/08/fez-marie-whatley-sweet-gentle-man.html,20210817015915,no,,2026-09-27T13:09:22+00:00
https://www.cbsnews.com/news/djs-dumped-over-church-sex-stunt/,chronology/02-wnew-2000-2003.md | reference/01-source-index.md | reference/05-originating-chat-link-backlog.md,200,https://www.cbsnews.com/news/djs-dumped-over-church-sex-stunt/,text/html,594398,2424dbf9f135a3e597caab7e7c52f7742b7acb75ec9d8e49819f034678a1b3eb,full-response,http://web.archive.org/web/20260702062543/https://www.cbsnews.com/news/djs-dumped-over-church-sex-stunt/,20260702062543,no,,2026-09-27T13:07:15+00:00
https://www.cheapassgamer.com/threads/tec-blue-wired-v-guitar-controller-for-gh1-only-not-gh2-ps2-9-90-8-shipping.107882/,preservation/source-packs/nature-boy.md | wiki/Nature-Boy.md,200,https://www.cheapassgamer.com/threads/tec-blue-wired-v-guitar-controller-for-gh1-only-not-gh2-ps2-9-90-8-shipping.107882/,text/html,109355,3b7698f5da10ed6b04c65b061d4f4295221465a0d6234d7704cd16c023720669,full-response,,,no,,2026-09-27T13:09:30+00:00
https://www.comedyhypnotists.net/497-ga2-86-comedyhypnotists-atlanta-georgia--ga.htm,people/community/don-the-hypnotist-don-friedman.md,200,https://www.comedyhypnotists.net/497-ga2-86-comedyhypnotists-atlanta-georgia--ga.htm,text/html,22892,f7e2a2a617fbef51f0df1e8134a310dd20014f514c83a0ded21d51a948e10443,full-response,,,no,,2026-09-27T13:06:33+00:00
https://www.concertarchives.org/bands/monty-love,people/community/monty-love-band.md,200,https://www.concertarchives.org/bands/monty-love,text/html,65659,6bb2ebc0f78d432d6137931253c163372ab8cd09d7b250fee73da466f3025402,full-response,http://web.archive.org/web/20210621111901/https://www.concertarchives.org/bands/monty-love,20210621111901,no,,2026-09-27T13:09:11+00:00
https://www.dailyautograph.com/2013/08/hooters-on-radio-julie-williams-lynne.html,people/community/bl-brenda-lee.md,429,https://www.google.com/sorry/index?continue=https://www.dailyautograph.com/2013/08/hooters-on-radio-julie-williams-lynne.html&q=EgQUUZ9zGMKr5NUGIi0H50wPCtPpArLwoWTFBkhm_Ty033uF6qPg5KQ2OjZzwpeeJLSPrO4U4XnDFCIyAnJSWgFD,,,,,,,no,,2026-09-27T13:10:26+00:00
https://www.droidforums.net/threads/sirius-xm-satelite-radio-app.1378/,people/community/death-metal-moe.md,200,https://www.droidforums.net/threads/sirius-xm-satelite-radio-app.1378/,text/html,159101,554d9304861ce83f6194e74725fff99878d474a4f201009a5c45aa2576b42a94,full-response,http://web.archive.org/web/20250513170239/https://www.droidforums.net/threads/sirius-xm-satelite-radio-app.1378/,20250513170239,no,,2026-09-27T13:06:04+00:00
https://www.ebay.com/itm/255363203963,events/artifacts/2002-02-22-night-of-fights-ticket.md | reference/08-physical-community-source-index.md,403,https://www.ebay.com/itm/255363203963,,,,,,,no,,2026-09-27T13:09:13+00:00
https://www.foodnetworkgossip.com/2014/08/food-network-star-lenny-mcnab.html?m=0,people/community/chuckwagon-lenny-mcnab.md | reference/08-community-sources-second-pass.md,200,https://www.foodnetworkgossip.com/2014/08/food-network-star-lenny-mcnab.html?m=0,text/html,441741,7191f29398aa7bd01f820ebe637aa4c6592724d824da596efe7feda831a9b20c,full-response,,,no,,2026-09-27T13:07:30+00:00
https://www.forbes.com/2004/11/19/cx_gl_1119faceweek.html,community/13-opie-anthony-comparative-fandom.md,200,https://www.forbes.com/2004/11/19/cx_gl_1119faceweek.html,text/html,769273,836124ec7c2beae7c4fc390c1bae849906ed1474e7df22422a7f7b07f7e8a52b,full-response,http://web.archive.org/web/20090215042359/http://www.forbes.com:80/2004/11/19/cx_gl_1119faceweek.html,20090215042359,no,,2026-09-27T13:06:35+00:00
https://www.forbes.com/2006/05/26/mcd-vista-enron-cx_gl_0526usfaceweek.html,community/13-opie-anthony-comparative-fandom.md,200,https://www.forbes.com/2006/05/26/mcd-vista-enron-cx_gl_0526usfaceweek.html,text/html,833054,38efc80c61200e24e6bbd193ff7042cfaf10b3760362a8196d760bcc20c014c3,full-response,http://web.archive.org/web/20060622025845/http://www.forbes.com:80/2006/05/26/mcd-vista-enron-cx_gl_0526usfaceweek.html,20060622025845,no,,2026-09-27T13:09:22+00:00
https://www.fox13news.com/news/godfather-of-local-radio-started-in-tampa-bay-four-decades-ago,chronology/01-roots-ron-and-ron.md | reference/01-source-index.md | reference/05-originating-chat-link-backlog.md,200,https://www.fox13news.com/news/godfather-of-local-radio-started-in-tampa-bay-four-decades-ago,text/html,179373,86abc54f32a6bec325d062b9143027c8841f90b5b44066ede3c22b2aeb465618,full-response,http://web.archive.org/web/20250717180929/https://www.fox13news.com/news/godfather-of-local-radio-started-in-tampa-bay-four-decades-ago,20250717180929,no,,2026-09-27T13:06:59+00:00
https://www.govinfo.gov/content/pkg/CHRG-108hhrg92537/pdf/CHRG-108hhrg92537.pdf,chronology/03-fairfax-wjfk-2003-2005.md | events/2003-09-18-hurricane-isabel-community-broadcast.md | people/community/j-dubs-justin-johnson.md | reference/01-source-index.md | reference/05-originating-chat-link-backlog.md | reference/08-physical-community-source-index.md,200,https://www.govinfo.gov/content/pkg/CHRG-108hhrg92537/pdf/CHRG-108hhrg92537.pdf,application/pdf,1136855,,,http://web.archive.org/web/20260728133106/https://www.govinfo.gov/content/pkg/CHRG-108hhrg92537/pdf/CHRG-108hhrg92537.pdf,20260728133106,no,,2026-09-27T13:10:12+00:00
https://www.iheart.com/podcast/263-davey-macs-tales-from-the-114050202/,reference/05-originating-chat-link-backlog.md,200,https://www.iheart.com/podcast/263-davey-macs-tales-from-the-114050202/,text/html,406689,2c5e0f533b7ac32ea07f39bc134e058e6bb29faf5ff13788218989cea8fb62fd,full-response,,,no,,2026-09-27T13:08:10+00:00
https://www.iheart.com/podcast/263-davey-macs-tales-from-the-114050202/episode/episode-lviii-big-a-307496168/,chronology/05-maximum-density-2007-2009.md | people/community/big-a-andrew-gold.md | reference/05-originating-chat-link-backlog.md,200,https://www.iheart.com/podcast/263-davey-macs-tales-from-the-114050202/episode/episode-lviii-big-a-307496168/,text/html,312361,ea757c9ab3697488716dae3b88ed6f53a29944e344963face2b8363df0fd598c,full-response,,,no,,2026-09-27T13:07:29+00:00
https://www.imdb.com/name/nm1191834/bio/,reference/05-originating-chat-link-backlog.md,202,https://www.imdb.com/name/nm1191834/bio/,text/html,1997,557e761501d937b19aa37c3537ce28c9263c472fab19f7215281ae5a7a4f74c0,full-response,,,no,,2026-09-27T13:07:38+00:00
https://www.ivoox.com/podcast-davey-mac-s-tales-from-the-satellite_sq_f12733182_2.html,events/2007-02-23-big-ass-bash.md | reference/05-originating-chat-link-backlog.md,200,https://www.ivoox.com/podcast-davey-mac-s-tales-from-the-satellite_sq_f12733182_2.html,text/html,221926,a8c677ae40434133f22809df53b36bbb41fcf2e2479ceec76b93cc5f740f1ee8,full-response,,,no,,2026-09-27T13:05:39+00:00
https://www.ivoox.com/podcast-get-best-sellers-audiobooks-in-radio-tv_sq_f1571939_2.html,preservation/source-packs/nature-boy.md | wiki/Nature-Boy.md,200,https://www.ivoox.com/podcast-get-best-sellers-audiobooks-in-radio-tv_sq_f1571939_2.html,text/html,256795,1b59c71b26cb819bc9c8a41b87dbbcd20688f55773805ae517ae05b6a4c86093,full-response,,,no,,2026-09-27T13:07:39+00:00
https://www.last.fm/event/82520%2BMonty%2BLove%2Bat%2BDock%2BStreet%2Bon%2B22%2BDecember%2B2006/lineup,people/community/monty-love-band.md | reference/08-physical-community-source-index.md,200,https://www.last.fm/event/82520%2BMonty%2BLove%2Bat%2BDock%2BStreet%2Bon%2B22%2BDecember%2B2006/lineup,text/html,3038,32ed63159c77e21ee19ca1b9aa3213ccf0218eb59539560b132a8e68ef0e18ea,full-response,,,no,,2026-09-27T13:08:59+00:00
https://www.latimes.com/archives/la-xpm-1996-05-09-sp-2217-story.html,characters/nature-boy.md | preservation/source-packs/nature-boy.md | wiki/Nature-Boy.md,200,https://www.latimes.com/archives/la-xpm-1996-05-09-sp-2217-story.html,text/html,457944,25be7ec7b516699cffb186c3309ec89d433bc12abf07a8c57cb1f42f186f2e51,full-response,,,no,,2026-09-27T13:06:58+00:00
https://www.linkedin.com/in/tuddle,people/staff/tuddle-patrick-fowler.md,200,https://www.linkedin.com/in/tuddle,text/html,397660,ebeb88a2af05a447182f409cca5665c834e98668c20c4a2c0369d6e7a811df79,full-response,,,no,,2026-09-27T13:06:36+00:00
https://www.mediaite.com/media/food/reports-link-new-food-network-star-lenny-mcnab-to-some-uh-sordid-online-history-1/,people/community/chuckwagon-lenny-mcnab.md | reference/08-community-sources-second-pass.md,403,https://www.mediaite.com/media/food/reports-link-new-food-network-star-lenny-mcnab-to-some-uh-sordid-online-history-1/,,,,,http://web.archive.org/web/20250815192151/https://www.mediaite.com/media/food/reports-link-new-food-network-star-lenny-mcnab-to-some-uh-sordid-online-history-1/,20250815192151,no,,2026-09-27T13:05:47+00:00
https://www.phillymag.com/news/2012/02/27/radio-personality/,reference/01-source-index.md | reference/05-originating-chat-link-backlog.md,200,https://www.phillymag.com/news/2012/02/27/radio-personality/,text/html,73027,8be702ebe8d933bf918ff9182ae8e21c536c3aced3d7b85ce6dc43ea5ee786c6,full-response,http://web.archive.org/web/20260119183011/https://www.phillymag.com/news/2012/02/27/radio-personality/,20260119183011,no,,2026-09-27T13:06:10+00:00
https://www.prnewswire.com/news-releases/statement-on-termination-of-anthony-cumia-265821881.html,reference/05-originating-chat-link-backlog.md,200,https://www.prnewswire.com/news-releases/statement-on-termination-of-anthony-cumia-265821881.html,text/html,211480,f5df9a0ee7d043c181cce7840b0e9d0df2c2452965b0fb38512b493f3a5e4c1c,full-response,http://web.archive.org/web/20140712091925/http://www.prnewswire.com:80/news-releases/statement-on-termination-of-anthony-cumia-265821881.html,20140712091925,no,,2026-09-27T13:09:45+00:00
https://www.tapesearch.com/episode/history-of-the-ron-fez-show-part-2-the-wnew-era/PRfP9fzm2LbK7rnjSvL6s8,events/2002-02-22-big-ass-night-of-fights-i.md | people/staff/al-dukes.md,200,https://www.tapesearch.com/episode/history-of-the-ron-fez-show-part-2-the-wnew-era/PRfP9fzm2LbK7rnjSvL6s8,text/html,86968,800f6be9cd646dd9ea4b0b89dd22a6d81b3b29c63c0168999c6ee9921e39845f,full-response,,,no,,2026-09-27T13:08:15+00:00
https://www.theboneonline.com/fp/sportschix/?outputType=amp,people/community/bl-brenda-lee.md,200,https://www.theboneonline.com/fp/sportschix/?outputType=amp,text/html,36407,4e5ec92735dd7222498c281798b1356747540a3c78d1a936d40a44b205c39b3d,full-response,,,no,,2026-09-27T13:07:16+00:00
https://www.thehideoutradioarchives.com/,people/community/cigar-sid-sidcada.md | people/community/j-dubs-justin-johnson.md | reference/08-physical-community-source-index.md,200,https://www.thehideoutradioarchives.com/,text/html,15777,4bd93113f0ac65416bcdaffdcd0962d48e28cd225e748f736dcc45c7403d9e42,full-response,,,no,,2026-09-27T13:08:46+00:00
https://www.theofficialwrestlingmuseum.com/wwfwwe-live-event-results-2002.html,events/unresolved-early-rfnet-artifacts.md,200,https://www.theofficialwrestlingmuseum.com/wwfwwe-live-event-results-2002.html,text/html,549407,7b1c36cb4c1910e68ea2148674a190cda156299e4f4c8fa380a307c57f806da6,full-response,http://web.archive.org/web/20260923070701/https://www.theofficialwrestlingmuseum.com/wwfwwe-live-event-results-2002.html,20260923070701,no,,2026-09-27T13:10:00+00:00
https://www.thevinyldistrict.com/asburypark/ron-and-gail-bennington-traversing-the-history-of-music-via-gps/,reference/05-originating-chat-link-backlog.md,200,https://www.thevinyldistrict.com/asburypark/ron-and-gail-bennington-traversing-the-history-of-music-via-gps/,text/html,74138,41171f5649f9ae38abdbb0e7668d90a11230d14b13fc8b89ca884fa191de1707,full-response,http://web.archive.org/web/20260212130548/https://www.thevinyldistrict.com/asburypark/ron-and-gail-bennington-traversing-the-history-of-music-via-gps/,20260212130548,no,,2026-09-27T13:06:41+00:00
https://www.thewrap.com/fez-whatley-radio-personality-ron-and-fez-show-dies-57/,reference/05-originating-chat-link-backlog.md,200,https://www.thewrap.com/fez-whatley-radio-personality-ron-and-fez-show-dies-57/,text/html,167232,4348973212eec4e04961ef2668dd8208f30b9a5da5ae8721d3de6231ca9f4d09,full-response,http://web.archive.org/web/20260910161044/https://www.thewrap.com/fez-whatley-radio-personality-ron-and-fez-show-dies-57/,20260910161044,no,,2026-09-27T13:06:14+00:00
https://www.ubook.com/podcast/500375/biggest-website-for-full-free-audio-books-of-radio-tv-entertainment-and-many-more,reference/05-originating-chat-link-backlog.md,200,https://www.ubook.com/podcast/500375/biggest-website-for-full-free-audio-books-of-radio-tv-entertainment-and-many-more,text/html,199713,8d9740f5fff0947a355e9f3d7d551f09ccd823ad5230060c9d9ed426412723b4,full-response,,,no,,2026-09-27T13:05:34+00:00
https://www.urbandictionary.com/define.php?term=Cake+Horn,reference/05-originating-chat-link-backlog.md,200,https://www.urbandictionary.com/define.php?term=Cake+Horn,text/html,229107,a3e6a692549898bc5aa1915f99cfc4b17c9dbdb4941bfe52bed80192e03ada09,full-response,http://web.archive.org/web/20230831184621/https://www.urbandictionary.com/define.php?term=Cake+Horn,20230831184621,no,,2026-09-27T13:09:33+00:00
https://www.urbandictionary.com/define.php?term=comedy+pyramid,reference/05-originating-chat-link-backlog.md | themes/01-comedy-formats.md,200,https://www.urbandictionary.com/define.php?term=comedy+pyramid,text/html,210684,5493d2568d522f5e9864520cc21b13f4c2601cfd4e36198b9e98f6ff8253e54a,full-response,http://web.archive.org/web/20230811024741/https://www.urbandictionary.com/define.php?term=comedy+pyramid,20230811024741,no,,2026-09-27T13:08:22+00:00
https://www.urbandictionary.com/define.php?term=hideout,people/community/j-dubs-justin-johnson.md,200,https://www.urbandictionary.com/define.php?term=hideout,text/html,265695,994420fb1d4368280f2062c9427e882addd3f827cb193cf4a9f6738b40db5bda,full-response,,,no,,2026-09-27T13:07:18+00:00
https://www.washingtonpost.com/archive/lifestyle/2006/08/05/northern-virginia/84ff992f-01cb-4ca1-84c1-94407ec8b7fe/,events/2007-06-09-dr-dremos-dc-bar-night.md | people/community/don-the-hypnotist-don-friedman.md,ERR:TimeoutError,https://www.washingtonpost.com/archive/lifestyle/2006/08/05/northern-virginia/84ff992f-01cb-4ca1-84c1-94407ec8b7fe/,,,,,,,no,,2026-09-27T13:09:28+00:00
https://www.washingtonpost.com/archive/opinions/1992/12/11/whats-fit-for-marge-schott/7fb5f74e-093d-4db2-96a0-bc5c333eaaed/,characters/nature-boy.md | preservation/source-packs/nature-boy.md | wiki/Nature-Boy.md,ERR:TimeoutError,https://www.washingtonpost.com/archive/opinions/1992/12/11/whats-fit-for-marge-schott/7fb5f74e-093d-4db2-96a0-bc5c333eaaed/,,,,,http://web.archive.org/web/20180622143102/https://www.washingtonpost.com/archive/opinions/1992/12/11/whats-fit-for-marge-schott/7fb5f74e-093d-4db2-96a0-bc5c333eaaed/,20180622143102,no,,2026-09-27T13:06:00+00:00
https://www.washingtonpost.com/archive/opinions/1996/05/08/why-is-marge-schott-in-baseball/a1f4d794-4a08-423f-9d25-91fb3a98cf16/,characters/nature-boy.md | preservation/source-packs/nature-boy.md | wiki/Nature-Boy.md,ERR:TimeoutError,https://www.washingtonpost.com/archive/opinions/1996/05/08/why-is-marge-schott-in-baseball/a1f4d794-4a08-423f-9d25-91fb3a98cf16/,,,,,,,no,,2026-09-27T13:06:26+00:00
https://www.wikizero.org/wiki/en/Ron_and_Fez,chronology/03-fairfax-wjfk-2003-2005.md | events/2001-new-york-forever-bar-crawls.md | events/2004-battle-of-local-unsigned-bands.md | events/2004-second-pool-tournament.md | events/2005-09-09-bb-kings-xm-kickoff.md | reference/01-source-index.md | reference/05-originating-chat-link-backlog.md,403,https://www.wikizero.org/wiki/en/Ron_and_Fez,,,,,,,no,,2026-09-27T13:09:17+00:00
https://www.worldradiohistory.com/Archive-Radio-Business-Report/Radio-Business-Report/2000/RBR-2000-04-24.pdf,chronology/02-wnew-2000-2003.md | reference/01-source-index.md | reference/05-originating-chat-link-backlog.md,200,https://www.worldradiohistory.com/Archive-Radio-Business-Report/Radio-Business-Report/2000/RBR-2000-04-24.pdf,application/pdf,1644772,,,http://web.archive.org/web/20251206033747/https://www.worldradiohistory.com/Archive-Radio-Business-Report/Radio-Business-Report/2000/RBR-2000-04-24.pdf,20251206033747,no,,2026-09-27T13:05:58+00:00
https://www.wrestlezone.com/news/220697-wwe-notes-on-orton-wm23-lesnarmma-more,community/12-rfnet-governance-foundrymusicjeff.md,200,https://www.wrestlezone.com/news/220697-wwe-notes-on-orton-wm23-lesnarmma-more,text/html,250420,5c6f050c7c58daee4dd3326a88c86f2dadc2226f8e2f9d9833f0aeed6ea70d22,full-response,,,no,,2026-09-27T13:09:25+00:00
https://www.wrestlinginc.com/news/2007/02/dsw-stars-to-raw-496814/,events/2007-02-23-big-ass-bash.md | reference/01-source-index.md | reference/05-originating-chat-link-backlog.md | themes/02-events-and-live-culture.md,200,https://www.wrestlinginc.com/news/2007/02/dsw-stars-to-raw-496814/,text/html,46730,251c11c7c631cce846efede9da60bb45cb5e10d31177d47cb86921d69c536a17,full-response,http://web.archive.org/web/20260115051510/https://www.wrestlinginc.com/news/2007/02/dsw-stars-to-raw-496814/,20260115051510,no,,2026-09-27T13:07:04+00:00
https://x-access-token:${GH_TOKEN}@github.com/${GITHUB_REPOSITORY}.wiki.git,.github/workflows/sync-wiki.yml,ERR:InvalidURL,,,,,,,,no,,2026-09-27T13:05:57+00:00
https://en.wikipedia.org/wiki/Bennington_%28radio_show%29,chronology/09-final-year-2014-2015.md | reference/01-source-index.md | reference/05-originating-chat-link-backlog.md,200,https://en.wikipedia.org/wiki/Bennington_%28radio_show%29,text/html,101546,bde52df890265c988510c82054ac58a8d398fbd8c07a74c14bd2d3dd6a8d1be2,full-response,http://web.archive.org/web/20251220134310/https://en.wikipedia.org/wiki/Bennington_(radio_show),20251220134310,no,,2026-09-27T13:06:31+00:00
https://en.wikipedia.org/wiki/Fez_Whatley,reference/01-source-index.md | reference/05-originating-chat-link-backlog.md,200,https://en.wikipedia.org/wiki/Fez_Whatley,text/html,159220,51953450cf24a8ed436d027f18f5f002cafebccefe5d6db79fd47aac3002b197,full-response,,,no,,2026-09-27T13:06:04+00:00
https://en.wikipedia.org/wiki/Opie_and_Anthony,community/13-opie-anthony-comparative-fandom.md,200,https://en.wikipedia.org/wiki/Opie_and_Anthony,text/html,586036,e65e83d25467f6e615ed7f5214e6424c4cce732bee1d262c7d1a0c3d0c6ac509,full-response,,,no,,2026-09-27T13:07:20+00:00
https://en.wikipedia.org/wiki/Ron_and_Fez,chronology/02-wnew-2000-2003.md | chronology/04-xm-2005-2007.md | community/07-friday-night-lights-social-institution.md | events/2001-new-york-forever-bar-crawls.md | events/2003-09-18-hurricane-isabel-community-broadcast.md | events/2003-caddyshack-movie-night.md | events/2003-hard-rock-new-york-reunion.md | events/2003-poker-tournament.md | events/2003-wjfk-pool-tournament.md | events/2004-2005-fez-charity-5ks.md | events/2004-battle-of-local-unsigned-bands.md | events/2004-second-pool-tournament.md | events/2004-st-pats-spat.md | events/2005-09-09-bb-kings-xm-kickoff.md | forensics/02-cast-genealogy.md | people/community/cigar-sid-sidcada.md | people/community/crazy-jen.md | people/community/don-the-hypnotist-don-friedman.md | people/community/j-dubs-justin-johnson.md | people/community/monty-love-band.md | people/staff/tasteless-ginny-ginny-sanchez.md | reference/01-source-index.md | reference/05-originating-chat-link-backlog.md | reference/08-physical-community-source-index.md | themes/03-music-and-sonic-identity.md,200,https://en.wikipedia.org/wiki/Ron_and_Fez,text/html,158655,3dcd7127e34f027a7300d45dd26aca8e9563afc068affa4329cc9a5ba31ca0fd,full-response,http://web.archive.org/web/20260905074028/https://en.wikipedia.org/wiki/Ron_and_Fez,20260905074028,no,,2026-09-27T13:07:47+00:00
https://en.wikipedia.org/wiki/WNEW-FM,reference/05-originating-chat-link-backlog.md,200,https://en.wikipedia.org/wiki/WNEW-FM,text/html,399725,41a26073a8a536e9972db2567cf930d209518e7491f53677a3e3ff552bb702b7,full-response,,,no,,2026-09-27T13:08:12+00:00
https://archive.org/details/RF-2011-02,reference/06-community-source-index.md | reference/07-whole-show-archive-map.md,200,https://archive.org/details/RF-2011-02,text/html,278926,a354e1c7f6a9f346617b1ac8a8e7483fd4fafc304a784e012a13b33747623d6d,full-response,,,no,,2026-09-27T13:06:36+00:00
https://archive.org/download/RF-2002-02/R%26F-2002-02-22-P2.mp3,events/2002-02-22-big-ass-night-of-fights-i.md,200,https://dn710709.ca.archive.org/0/items/RF-2002-02/R%26F-2002-02-22-P2.mp3,audio/mpeg,41894356,,,,,no,,2026-09-27T13:08:28+00:00
https://fourble.co.uk/podcast/ronbenningto,people/community/bl-brenda-lee.md | reference/07-whole-show-archive-map.md,200,https://fourble.co.uk/podcast/ronbenningto,text/html,25587,41103ed4a06645d7bd9cc4d39f87f808a6ebae83a935b8956f023d4153f3e0b7,full-response,http://web.archive.org/web/20260513073154/https://fourble.co.uk/podcast/ronbenningto,20260513073154,no,,2026-09-27T13:08:17+00:00
https://fourble.co.uk/podcast/ronfezfixedepisodetitles,events/2002-02-22-big-ass-night-of-fights-i.md | events/2002-05-17-big-ass-night-of-fights-ii.md | events/2002-07-15-16-tuddle-concrete-coffin.md | events/2010-03-07-academy-awards-simulcast.md | events/2010-12-12-fez-fantasy-football-holiday-party.md | reference/07-whole-show-archive-map.md | reference/08-community-sources-second-pass.md,200,https://fourble.co.uk/podcast/ronfezfixedepisodetitles,text/html,632995,0177d06d766b29c737968ba2156756e1ff5c39ff57990a5304b96e3bb6d1316e,full-response,http://web.archive.org/web/20260810234434/https://fourble.co.uk/podcast/ronfezfixedepisodetitles,20260810234434,no,,2026-09-27T13:06:51+00:00
https://web.archive.org/cdx/search/cdx?url=,reference/11-rfnet-gallery-packet-reconstruction.md,400,https://web.archive.org/cdx/search/cdx?url=,,,,,http://web.archive.org/web/20221209113310/https://web.archive.org/cdx/search/cdx?url=,20221209113310,no,,2026-09-27T13:07:39+00:00
